"text","key","en","km","status","file","line"
"span","span","Skip to content","Skip to content","fallback","src/html/account.html","9"
"span","span","Dashboard","Dashboard","fallback","src/html/account.html","9"
"span","span","Plans & usage","Plans & usage","fallback","src/html/account.html","9"
"span","span","Account settings","Account settings","fallback","src/html/account.html","9"
"span","span","Manage account security and export a portable copy of your platform data.","Manage account security and export a portable copy of your platform data.","fallback","src/html/account.html","9"
"span","span","Profile","Profile","fallback","src/html/account.html","9"
"span","span","Signed in as","Signed in as","fallback","src/html/account.html","9"
"span","span","Loading…","Loading…","fallback","src/html/account.html","9"
"span","span","Account role","Account role","fallback","src/html/account.html","9"
"span","span","Current plan","Current plan","fallback","src/html/account.html","9"
"span","span","Email status","Email status","fallback","src/html/account.html","9"
"span","span","Send verification email","Send verification email","fallback","src/html/account.html","9"
"span","span","Storage mode","Storage mode","fallback","src/html/account.html","9"
"span","span","Server-backed SQLite + uploaded materials","Server-backed SQLite + uploaded materials","fallback","src/html/account.html","9"
"span","span","Plan usage","Plan usage","fallback","src/html/account.html","9"
"span","span","Invitations","Invitations","fallback","src/html/account.html","9"
"span","span","Reusable templates","Reusable templates","fallback","src/html/account.html","9"
"span","span","Material storage","Material storage","fallback","src/html/account.html","9"
"span","span","View plan details","View plan details","fallback","src/html/account.html","9"
"span","span","Change password","Change password","fallback","src/html/account.html","9"
"span","span","Current password","Current password","fallback","src/html/account.html","9"
"span","span","New password","New password","fallback","src/html/account.html","9"
"span","span","Confirm new password","Confirm new password","fallback","src/html/account.html","9"
"span","span","Data export","Data export","fallback","src/html/account.html","9"
"span","span","Download your invitation documents, publication history, RSVP records, guest lists, guest wishes, reusable templates, page templates, reusable components, and material metadata as JSON. Uploaded binary files remain in the server material storage.","Download your invitation documents, publication history, RSVP records, guest lists, guest wishes, reusable templates, page templates, reusable components, and material metadata as JSON. Uploaded binary files remain in the server material storage.","fallback","src/html/account.html","9"
"span","span","Download account data","Download account data","fallback","src/html/account.html","9"
"span","span","Account security","Account security","fallback","src/html/account.html","10"
"span","span","Password protection","Password protection","fallback","src/html/account.html","10"
"span","span","Loading…","Loading…","fallback","src/html/account.html","10"
"span","span","Two-step verification","Two-step verification","fallback","src/html/account.html","10"
"span","span","Passkeys","Passkeys","fallback","src/html/account.html","10"
"span","span","Set up authenticator","Set up authenticator","fallback","src/html/account.html","10"
"span","span","Disable authenticator","Disable authenticator","fallback","src/html/account.html","10"
"span","span","Add passkey","Add passkey","fallback","src/html/account.html","10"
"span","span","Scan with an authenticator app or enter this setup key manually.","Scan with an authenticator app or enter this setup key manually.","fallback","src/html/account.html","10"
"span","span","6-digit code","6-digit code","fallback","src/html/account.html","10"
"span","span","Enable two-step verification","Enable two-step verification","fallback","src/html/account.html","10"
"span","span","Passkeys","Passkeys","fallback","src/html/account.html","11"
"span","span","Passkeys use the security built into your phone or computer. Password sign-in remains available unless you enable additional security.","Passkeys use the security built into your phone or computer. Password sign-in remains available unless you enable additional security.","fallback","src/html/account.html","11"
"span","span","Active sessions","Active sessions","fallback","src/html/account.html","12"
"span","span","Sign out other devices","Sign out other devices","fallback","src/html/account.html","12"
"span","span","Sign out all devices","Sign out all devices","fallback","src/html/account.html","12"
"span","span","Security activity","Security activity","fallback","src/html/account.html","13"
"span","span","Privacy & retention","Privacy & retention","fallback","src/html/account.html","14"
"span","span","Allow invitation analytics collection","Allow invitation analytics collection","fallback","src/html/account.html","14"
"span","span","Allow external media embeds when configured","Allow external media embeds when configured","fallback","src/html/account.html","14"
"span","span","Guest-data retention days","Guest-data retention days","fallback","src/html/account.html","14"
"span","span","Save privacy preferences","Save privacy preferences","fallback","src/html/account.html","14"
"span","span","Studio & white label","Studio & white label","fallback","src/html/account.html","15"
"span","span","Define the studio identity used for client-facing invitations and reusable brand kits.","Define the studio identity used for client-facing invitations and reusable brand kits.","fallback","src/html/account.html","15"
"span","span","Studio name","Studio name","fallback","src/html/account.html","15"
"span","span","Logo URL","Logo URL","fallback","src/html/account.html","15"
"span","span","Primary color","Primary color","fallback","src/html/account.html","15"
"span","span","Accent color","Accent color","fallback","src/html/account.html","15"
"span","span","Studio website","Studio website","fallback","src/html/account.html","15"
"span","span","Support email","Support email","fallback","src/html/account.html","15"
"span","span","Hide platform branding on studio-branded invitations","Hide platform branding on studio-branded invitations","fallback","src/html/account.html","15"
"span","span","Save studio profile","Save studio profile","fallback","src/html/account.html","15"
"span","span","Portable full export","Portable full export","fallback","src/html/account.html","15"
"span","span","Download account metadata together with original platform-managed media in one ZIP archive.","Download account metadata together with original platform-managed media in one ZIP archive.","fallback","src/html/account.html","15"
"span","span","Download full archive","Download full archive","fallback","src/html/account.html","15"
"span","span","Account deletion","Account deletion","fallback","src/html/account.html","16"
"span","span","Schedule permanent account deletion after the configured recovery period. Existing content remains recoverable until the purge date.","Schedule permanent account deletion after the configured recovery period. Existing content remains recoverable until the purge date.","fallback","src/html/account.html","16"
"span","span","Schedule deletion","Schedule deletion","fallback","src/html/account.html","16"
"span","span","Cancel scheduled deletion","Cancel scheduled deletion","fallback","src/html/account.html","16"
"span","span","Skip to content","Skip to content","fallback","src/html/admin.html","9"
"span","span","Dashboard","Dashboard","fallback","src/html/admin.html","9"
"span","span","Administration","ការគ្រប់គ្រង","translated","src/html/admin.html","9"
"span","span","Manage accounts, shared templates, and public invitation availability.","Manage accounts, shared templates, and public invitation availability.","fallback","src/html/admin.html","9"
"span","span","Users","អ្នកប្រើ","translated","src/html/admin.html","9"
"span","span","Templates","ពុម្ពអត្ថបទ","translated","src/html/admin.html","9"
"span","span","Invitations","ការអញ្ជើញ","translated","src/html/admin.html","9"
"span","span","AI providers","AI providers","fallback","src/html/admin.html","9"
"span","span","Feature flags","ទងជម្រើសមុខងារ","translated","src/html/admin.html","9"
"data-attr","data-attr","Search this view…","ស្វែងរកទិដ្ឋភាពនេះ","translated","src/html/admin.html","9"
"span","span","Skip to content","Skip to content","fallback","src/html/analytics.html","8"
"span","span","Dashboard","Dashboard","fallback","src/html/analytics.html","8"
"span","span","Guests","Guests","fallback","src/html/analytics.html","8"
"span","span","Refresh","Refresh","fallback","src/html/analytics.html","8"
"span","span","Invitation Analytics","Invitation Analytics","fallback","src/html/analytics.html","8"
"span","span","Performance overview for this invitation.","Performance overview for this invitation.","fallback","src/html/analytics.html","8"
"span","span","Loading analytics…","Loading analytics…","fallback","src/html/analytics.html","8"
"span","span","Skip to content","Skip to content","fallback","src/html/billing.html","9"
"span","span","Dashboard","Dashboard","fallback","src/html/billing.html","10"
"span","span","Account","Account","fallback","src/html/billing.html","10"
"span","span","Membership","Membership","fallback","src/html/billing.html","13"
"span","span","Plans & usage","Plans & usage","fallback","src/html/billing.html","13"
"span","span","Choose the capacity that fits your invitation work.","Choose the capacity that fits your invitation work.","fallback","src/html/billing.html","13"
"span","span","Current plan","Current plan","fallback","src/html/billing.html","13"
"span","span","Hosted payment","Hosted payment","fallback","src/html/billing.html","19"
"span","span","Card details stay with the payment gateway","Card details stay with the payment gateway","fallback","src/html/billing.html","19"
"span","span","The gateway processes Visa and Mastercard details on its secure checkout. The invitation platform receives only a verified payment result and then updates the account tier.","The gateway processes Visa and Mastercard details on its secure checkout. The invitation platform receives only a verified payment result and then updates the account tier.","fallback","src/html/billing.html","19"
"span","span","Payment provider","Payment provider","fallback","src/html/billing.html","20"
"span","span","Checking configuration","Checking configuration","fallback","src/html/billing.html","20"
"span","span","Skip to content","Skip to content","fallback","src/html/checkin.html","2"
"span","span","← Guest list","← Guest list","fallback","src/html/checkin.html","2"
"span","span","Event Check-in","Event Check-in","fallback","src/html/checkin.html","2"
"span","span","Door team","Door team","fallback","src/html/checkin.html","2"
"span","span","Guest check-in","Guest check-in","fallback","src/html/checkin.html","2"
"span","span","Scan QR","Scan QR","fallback","src/html/checkin.html","2"
"span","span","Find guest","Find guest","fallback","src/html/checkin.html","2"
"span","span","Scan personal invitation QR","Scan personal invitation QR","fallback","src/html/checkin.html","2"
"span","span","×","×","fallback","src/html/checkin.html","2"
"span","span","Skip to content","Skip to content","fallback","src/html/dashboard.html","11"
"span","span","Admin","គ្រប់គ្រង","translated","src/html/dashboard.html","11"
"span","span","Designer Workspace","Designer Workspace","fallback","src/html/dashboard.html","11"
"span","span","Materials","សម្ភារែ","translated","src/html/dashboard.html","11"
"span","span","Plans","Plans","fallback","src/html/dashboard.html","11"
"span","span","Account","គណនី","translated","src/html/dashboard.html","11"
"span","span","Sign out","Sign out","fallback","src/html/dashboard.html","11"
"span","span","Invitation Studio","Invitation Studio","fallback","src/html/dashboard.html","13"
"span","span","Design invitations that feel premium, personal, and alive.","Design invitations that feel premium, personal, and alive.","fallback","src/html/dashboard.html","14"
"span","span","A modern creative workspace built specifically for interactive invitations, RSVP, guest management, Khmer dates, media, and event publishing.","A modern creative workspace built specifically for interactive invitations, RSVP, guest management, Khmer dates, media, and event publishing.","fallback","src/html/dashboard.html","14"
"span","span","Create visually","Create visually","fallback","src/html/dashboard.html","16"
"span","span","Layered page design, rich typography, photos, animation, reusable templates, and invitation-first creative tools.","Layered page design, rich typography, photos, animation, reusable templates, and invitation-first creative tools.","fallback","src/html/dashboard.html","16"
"span","span","Publish interactively","Publish interactively","fallback","src/html/dashboard.html","17"
"span","span","Share a live invitation website with music, galleries, maps, countdowns, RSVP, wishes, and personalized guest links.","Share a live invitation website with music, galleries, maps, countdowns, RSVP, wishes, and personalized guest links.","fallback","src/html/dashboard.html","17"
"span","span","Manage the event","Manage the event","fallback","src/html/dashboard.html","18"
"span","span","Track responses, guests, check-in, analytics, materials, and invitation versions from one account.","Track responses, guests, check-in, analytics, materials, and invitation versions from one account.","fallback","src/html/dashboard.html","18"
"span","span","Sign in","Sign in","fallback","src/html/dashboard.html","22"
"span","span","Create account","Create account","fallback","src/html/dashboard.html","22"
"span","span","Welcome back","Welcome back","fallback","src/html/dashboard.html","23"
"span","span","Sign in to continue working on your invitations and events.","Sign in to continue working on your invitations and events.","fallback","src/html/dashboard.html","23"
"span","span","Email","អ៊ីមែល","translated","src/html/dashboard.html","25"
"span","span","Password","Password","fallback","src/html/dashboard.html","26"
"span","span","Confirm password","Confirm password","fallback","src/html/dashboard.html","27"
"span","span","Sign in","Sign in","fallback","src/html/dashboard.html","29"
"span","span","Use a passkey","Use a passkey","fallback","src/html/dashboard.html","29"
"span","span","Forgot password?","Forgot password?","fallback","src/html/dashboard.html","29"
"span","span","A local-browser fallback remains available when the development backend is offline.","A local-browser fallback remains available when the development backend is offline.","fallback","src/html/dashboard.html","29"
"span","span","My invitations","My invitations","fallback","src/html/dashboard.html","32"
"span","span","Template Studio","Template Studio","fallback","src/html/dashboard.html","32"
"span","span","+ Create invitation","+ Create invitation","fallback","src/html/dashboard.html","32"
"span","span","✦","✦","fallback","src/html/dashboard.html","32"
"span","span","New invitation","សំណាងគំរូ","translated","src/html/dashboard.html","32"
"span","span","⌂","⌂","fallback","src/html/dashboard.html","32"
"span","span","Templates","ពុម្ពអត្ថបទ","translated","src/html/dashboard.html","32"
"span","span","👥","👥","fallback","src/html/dashboard.html","32"
"span","span","Guest list","បញ្ចូលភ្ញៀវ","translated","src/html/dashboard.html","32"
"span","span","Create invitation","Create invitation","fallback","src/html/dashboard.html","33"
"span","span","Invitation name","Invitation name","fallback","src/html/dashboard.html","33"
"span","span","Event type","Event type","fallback","src/html/dashboard.html","33"
"span","span","All","ទាំងអស់","translated","src/html/dashboard.html","33"
"span","span","My templates","My templates","fallback","src/html/dashboard.html","33"
"span","span","Marketplace","Marketplace","fallback","src/html/dashboard.html","33"
"span","span","★ Favorites","★ Favorites","fallback","src/html/dashboard.html","33"
"span","span","Built-in templates now include page structure, palette, section styling, animation, and visual-page layouts. Invitations saved as your own templates appear here too.","Built-in templates now include page structure, palette, section styling, animation, and visual-page layouts. Invitations saved as your own templates appear here too.","fallback","src/html/dashboard.html","33"
"span","span","Cancel","បោះបង់","translated","src/html/dashboard.html","33"
"span","span","Create from template","Create from template","fallback","src/html/dashboard.html","33"
"span","span","Close","បិទ","translated","src/html/dashboard.html","33"
"span","span","Use this template","Use this template","fallback","src/html/dashboard.html","33"
"span","span","Edit history","ប្រវត្តិកែសម្រួល","translated","src/html/dashboard.html","33"
"data-attr","data-attr","Search templates…","ស្វែងរកពុម្ពអត្ថបទ","translated","src/html/dashboard.html","33"
"span","span","Select an invitation first to manage its sign-up sheets.","Select an invitation first to manage its sign-up sheets.","fallback","src/html/dashboard.html","63"
"span","span","Select an invitation first to manage its polls.","Select an invitation first to manage its polls.","fallback","src/html/dashboard.html","102"
"span","span","Select an invitation first to view its edit history.","Select an invitation first to view its edit history.","fallback","src/html/dashboard.html","186"
"span","span","Skip to content","Skip to content","fallback","src/html/designer.html","8"
"span","span","Dashboard","Dashboard","fallback","src/html/designer.html","8"
"span","span","Materials","Materials","fallback","src/html/designer.html","8"
"span","span","Template Studio","Template Studio","fallback","src/html/designer.html","8"
"span","span","Designer Workspace","Designer Workspace","fallback","src/html/designer.html","8"
"span","span","A focused launch point for professional template creation, reusable assets, and invitation production.","A focused launch point for professional template creation, reusable assets, and invitation production.","fallback","src/html/designer.html","8"
"span","span","Create complete reusable invitation designs, manage versions, preview thumbnails, and publish selected templates to the marketplace.","Create complete reusable invitation designs, manage versions, preview thumbnails, and publish selected templates to the marketplace.","fallback","src/html/designer.html","8"
"span","span","Open Template Studio","Open Template Studio","fallback","src/html/designer.html","8"
"span","span","Material Library","Material Library","fallback","src/html/designer.html","8"
"span","span","Organize account-level photos, audio, and video with folders, tags, favorites, and reusable media across projects.","Organize account-level photos, audio, and video with folders, tags, favorites, and reusable media across projects.","fallback","src/html/designer.html","8"
"span","span","Open Materials","Open Materials","fallback","src/html/designer.html","8"
"span","span","Invitation Production","Invitation Production","fallback","src/html/designer.html","8"
"span","span","Create client invitations from built-in, personal, or marketplace templates and manage the complete editing and publishing workflow.","Create client invitations from built-in, personal, or marketplace templates and manage the complete editing and publishing workflow.","fallback","src/html/designer.html","8"
"span","span","Create or edit invitations","Create or edit invitations","fallback","src/html/designer.html","8"
"span","span","Professional workflow","Professional workflow","fallback","src/html/designer.html","8"
"span","span","Recommended flow: build a reusable master design in the invitation editor → save it as a complete template → manage and version it in Template Studio → publish it to the marketplace when ready → create independent customer invitations from that template.","Recommended flow: build a reusable master design in the invitation editor → save it as a complete template → manage and version it in Template Studio → publish it to the marketplace when ready → create independent customer invitations from that template.","fallback","src/html/designer.html","8"
"span","span","Skip to content","Skip to content","fallback","src/html/guests.html","8"
"span","span","Dashboard","Dashboard","fallback","src/html/guests.html","8"
"span","span","Check-in mode","Check-in mode","fallback","src/html/guests.html","8"
"span","span","Guest list","បញ្ជីភ្ញៀវ","translated","src/html/guests.html","8"
"span","span","Import CSV","បញ្ចូល CSV","translated","src/html/guests.html","8"
"span","span","Export CSV","នាំចេញ CSV","translated","src/html/guests.html","8"
"span","span","Guest name","ឈ្មោះភ្ញៀវ","translated","src/html/guests.html","8"
"span","span","Phone number","លេខទូរស័ព្ទ","translated","src/html/guests.html","8"
"span","span","Email","អ៊ីមែល","translated","src/html/guests.html","8"
"span","span","Group","ក្រុម","translated","src/html/guests.html","8"
"span","span","Household","គ្រួសារ","translated","src/html/guests.html","8"
"span","span","Table","តុ","translated","src/html/guests.html","8"
"span","span","Seat","អាសនៈ","translated","src/html/guests.html","8"
"span","span","Tags (comma separated)","ស្លាក (ផ្តាច់ដោយក្បៀស)","translated","src/html/guests.html","8"
"span","span","Search name or phone","ស្វែងរកឈ្មោះឬលេខទូរស័ព្ទ","translated","src/html/guests.html","8"
"span","span","RSVP status","ស្ថានភាព RSVP","translated","src/html/guests.html","8"
"data-attr","data-attr","Search name or phone","Search name or phone","fallback","src/html/guests.html","8"
"span","span","The editor works best on a desktop screen. Some tools may be unavailable on mobile.","កម្មវិធីនិពន្ធដំណើរការល្អបំផុតនៅលើផ្ទៃតាំង។ ឧបករណ៍មួយចំនួនអាចមិនមាននៅលើទូរស័ព្ទ។","translated","src/html/index.html","74"
"span","span","More","ច្រើនជាងមួយចំនោទំព័ឹន","translated","src/html/index.html","84"
"span","span","Saved locally","រក្សាទុកភ្ជាដេស៊ូរ","translated","src/html/index.html","86"
"span","span","Local mode","របៀបភ្ជាដេស៊ូរ","translated","src/html/index.html","87"
"span","span","Undo","ថម្ងម់កម្រ","translated","src/html/index.html","88"
"span","span","Redo","ធ្វើបន្ថែម","translated","src/html/index.html","89"
"span","span","Guest preview","មើលចាស់","translated","src/html/index.html","90"
"span","span","Publish snapshot","ច្រើម","translated","src/html/index.html","91"
"span","span","Filter materials","តម្រងសម្ភារៈ","translated","src/html/index.html","206"
"span","span","Canvas zoom","ពង្រីកផ្ទាំងគំរូ","translated","src/html/index.html","277"
"span","span","Style & motion","រ៉ញម្ញានង់","translated","src/html/index.html","299"
"span","span","Select an object on the canvas to edit its properties.","ចង់ផ្តល់សំបកអំពីគ្របៅគាំបូងសម្រាប់កើតោមានភាពសំបក។","translated","src/html/index.html","300"
"span","span","Skip to content","Skip to content","fallback","src/html/materials.html","18"
"span","span","Dashboard","Dashboard","fallback","src/html/materials.html","19"
"span","span","Template Studio","Template Studio","fallback","src/html/materials.html","19"
"span","span","Account","Account","fallback","src/html/materials.html","19"
"span","span","Refresh","Refresh","fallback","src/html/materials.html","21"
"span","span","Upload material","Upload material","fallback","src/html/materials.html","23"
"span","span","Upload files","Upload files","fallback","src/html/materials.html","24"
"span","span","Import folder","Import folder","fallback","src/html/materials.html","25"
"span","span","Import ZIP","Import ZIP","fallback","src/html/materials.html","25"
"span","span","Cancel upload","Cancel upload","fallback","src/html/materials.html","27"
"span","span","Retry failed uploads","Retry failed uploads","fallback","src/html/materials.html","27"
"span","span","Search materials","ស្វែងរកសម្ភារៈ","translated","src/html/materials.html","29"
"span","span","Material type","ប្រភេទសម្ភារៈ","translated","src/html/materials.html","29"
"span","span","All types","All types","fallback","src/html/materials.html","29"
"span","span","Images","Images","fallback","src/html/materials.html","29"
"span","span","Audio","Audio","fallback","src/html/materials.html","29"
"span","span","Video","Video","fallback","src/html/materials.html","29"
"span","span","Fonts","Fonts","fallback","src/html/materials.html","29"
"span","span","Favorites","Favorites","fallback","src/html/materials.html","29"
"span","span","Folder","ថត","translated","src/html/materials.html","29"
"span","span","Sort by","តម្រៀបតាម","translated","src/html/materials.html","29"
"span","span","Newest first","Newest first","fallback","src/html/materials.html","29"
"span","span","Oldest first","Oldest first","fallback","src/html/materials.html","29"
"span","span","Name A–Z","Name A–Z","fallback","src/html/materials.html","29"
"span","span","Largest first","Largest first","fallback","src/html/materials.html","29"
"data-attr","data-attr","Search name, folder, or tags…","Search name, folder, or tags…","fallback","src/html/materials.html","29"
"data-attr","data-attr","e.g. Wedding Materials/Bride","Search name, folder, or tags…"" placeholder=""Search name, folder, or tags…""><label class=""sr-only"" for=""typeFilter""><span class=""i18n i18n-en"">Material type</span><span class=""i18n i18n-km khmer-text"" lang=""km"">ប្រភេទសម្ភារៈ</span></label><select id=""typeFilter""><option value=""all""><span class=""i18n i18n-en"">All types</span><span class=""i18n i18n-km khmer-text"" lang=""km"">All types</span></option><option value=""image""><span class=""i18n i18n-en"">Images</span><span class=""i18n i18n-km khmer-text"" lang=""km"">Images</span></option><option value=""audio""><span class=""i18n i18n-en"">Audio</span><span class=""i18n i18n-km khmer-text"" lang=""km"">Audio</span></option><option value=""video""><span class=""i18n i18n-en"">Video</span><span class=""i18n i18n-km khmer-text"" lang=""km"">Video</span></option><option value=""font""><span class=""i18n i18n-en"">Fonts</span><span class=""i18n i18n-km khmer-text"" lang=""km"">Fonts</span></option><option value=""favorite""><span class=""i18n i18n-en"">Favorites</span><span class=""i18n i18n-km khmer-text"" lang=""km"">Favorites</span></option></select><label class=""sr-only"" for=""folderFilter""><span class=""i18n i18n-en"">Folder</span><span class=""i18n i18n-km khmer-text"" lang=""km"">ថត</span></label><input id=""folderFilter"" placeholder=""Folder""><label class=""sr-only"" for=""sort""><span class=""i18n i18n-en"">Sort by</span><span class=""i18n i18n-km khmer-text"" lang=""km"">តម្រៀបតាម</span></label><select id=""sort""><option value=""newest""><span class=""i18n i18n-en"">Newest first</span><span class=""i18n i18n-km khmer-text"" lang=""km"">Newest first</span></option><option value=""oldest""><span class=""i18n i18n-en"">Oldest first</span><span class=""i18n i18n-km khmer-text"" lang=""km"">Oldest first</span></option><option value=""name""><span class=""i18n i18n-en"">Name A–Z</span><span class=""i18n i18n-km khmer-text"" lang=""km"">Name A–Z</span></option><option value=""size""><span class=""i18n i18n-en"">Largest first</span><span class=""i18n i18n-km khmer-text"" lang=""km"">Largest first</span></option></select></div>
  <div id=""summary"" class=""library-summary""></div>
  <section id=""grid"" class=""material-grid-page""></section>
</main>
<dialog id=""editDialog"" class=""edit-material-dialog"" aria-modal=""true"" aria-labelledby=""editDialogTitle""><form id=""editForm""><h2 id=""editDialogTitle""><span class=""i18n i18n-en"">Material details</span><span class=""i18n i18n-km khmer-text"" lang=""km"">Material details</span></h2><input id=""editId"" type=""hidden""><label>Name<input id=""editName"" maxlength=""180"" required></label><label>Folder<input id=","translated","src/html/materials.html","29"
"span","span","Material details","Material details","fallback","src/html/materials.html","33"
"span","span","Tags — comma separated","Tags — comma separated","fallback","src/html/materials.html","33"
"span","span","Favorite","Favorite","fallback","src/html/materials.html","33"
"span","span","Delete","Delete","fallback","src/html/materials.html","33"
"span","span","Cancel","Cancel","fallback","src/html/materials.html","33"
"span","span","Save details","Save details","fallback","src/html/materials.html","33"
"data-attr","data-attr","e.g. Wedding Materials/Bride","e.g. Wedding Materials/Bride","fallback","src/html/materials.html","33"
"span","span","Privacy — E-invitation","ភាពឯកជន — E-invitation","translated","src/html/privacy.html","6"
"span","span","Skip to content","Skip to content","fallback","src/html/privacy.html","10"
"span","span","Skip to content","Skip to content","fallback","src/html/reset.html","8"
"span","span","Back to sign in","Back to sign in","fallback","src/html/reset.html","8"
"span","span","Secure access","Secure access","fallback","src/html/reset.html","10"
"span","span","Recover account access cleanly and safely.","Recover account access cleanly and safely.","fallback","src/html/reset.html","11"
"span","span","Request a secure reset link, choose a new password, and return to the same creative workspace without losing your invitation data.","Request a secure reset link, choose a new password, and return to the same creative workspace without losing your invitation data.","fallback","src/html/reset.html","11"
"span","span","Simple request flow","Simple request flow","fallback","src/html/reset.html","12"
"span","span","Use the email attached to your E-invitation-website account.","Use the email attached to your E-invitation-website account.","fallback","src/html/reset.html","12"
"span","span","Secure reset","Secure reset","fallback","src/html/reset.html","12"
"span","span","Reset tokens expire and existing sessions are invalidated after a password change.","Reset tokens expire and existing sessions are invalidated after a password change.","fallback","src/html/reset.html","12"
"span","span","Reset your password","Reset your password","fallback","src/html/reset.html","15"
"span","span","Enter the email address used for your account.","Enter the email address used for your account.","fallback","src/html/reset.html","15"
"span","span","Email","Email","fallback","src/html/reset.html","15"
"span","span","Send reset link","Send reset link","fallback","src/html/reset.html","15"
"span","span","Choose a new password","Choose a new password","fallback","src/html/reset.html","16"
"span","span","Use at least eight characters and avoid reusing an old password.","Use at least eight characters and avoid reusing an old password.","fallback","src/html/reset.html","16"
"span","span","New password","New password","fallback","src/html/reset.html","16"
"span","span","Confirm password","Confirm password","fallback","src/html/reset.html","16"
"span","span","Reset password","Reset password","fallback","src/html/reset.html","16"
"span","span","← Back to sign in","← Back to sign in","fallback","src/html/reset.html","17"
"span","span","Skip to content","Skip to content","fallback","src/html/responses.html","8"
"span","span","Dashboard","Dashboard","fallback","src/html/responses.html","8"
"span","span","Search responses","ស្វែងរកការឆ្លើយតប","translated","src/html/responses.html","8"
"span","span","RSVP status","ស្ថានភាព RSVP","translated","src/html/responses.html","8"
"span","span","Attending","Attending","fallback","src/html/responses.html","8"
"span","span","Maybe","Maybe","fallback","src/html/responses.html","8"
"span","span","Skip to content","Skip to content","fallback","src/html/templates.html","8"
"span","span","Dashboard","Dashboard","fallback","src/html/templates.html","8"
"span","span","Refresh","Refresh","fallback","src/html/templates.html","8"
"span","span","Search templates","ស្វែងរកពុម្ពអត្ថបទ","translated","src/html/templates.html","8"
"span","span","Template source","ប្រភពពុម្ពអត្ថបទ","translated","src/html/templates.html","8"
"span","span","Template category","ប្រភេទពុម្ពអត្ថបទ","translated","src/html/templates.html","8"
"data-attr","data-attr","Search templates…","ស្វែងរកពុម្ពអត្ថបទ","translated","src/html/templates.html","8"
"span","span","Skip to content","Skip to content","fallback","src/html/verify.html","4"
"span","span","Account security","Account security","fallback","src/html/verify.html","5"
"span","span","One more step to confirm your email.","One more step to confirm your email.","fallback","src/html/verify.html","5"
"span","span","Verification keeps invitation accounts safer and improves trust for guest communications, sharing, and account recovery.","Verification keeps invitation accounts safer and improves trust for guest communications, sharing, and account recovery.","fallback","src/html/verify.html","5"
"span","span","Email verification","Email verification","fallback","src/html/verify.html","6"
"span","span","Checking your verification link…","Checking your verification link…","fallback","src/html/verify.html","6"
"span","span","Open account settings","Open account settings","fallback","src/html/verify.html","6"
"span","span","Return to dashboard","Return to dashboard","fallback","src/html/verify.html","6"
"_txt()","_txt","Verified","Verified","fallback","src/js/account.js","6"
"_txt()","_txt","Not verified","Not verified","fallback","src/js/account.js","6"
"_txt()","_txt","Your plan limits are currently enforced.","Your plan limits are currently enforced.","fallback","src/js/account.js","6"
"_txt()","_txt","Usage limits are informational in this development build; an administrator can assign plans manually.","Usage limits are informational in this development build; an administrator can assign plans manually.","fallback","src/js/account.js","6"
"_txt()","_txt","Allowed","Allowed","fallback","src/js/account.js","6"
"_txt()","_txt","Disabled by administrator","Disabled by administrator","fallback","src/js/account.js","6"
"_txt()","_txt","Upload permission","Upload permission","fallback","src/js/account.js","17"
"_txt()","_txt","Allowed","Allowed","fallback","src/js/account.js","17"
"_txt()","_txt","Disabled by administrator","Disabled by administrator","fallback","src/js/account.js","17"
"_txt()","_txt","Verified","Verified","fallback","src/js/account.js","18"
"_txt()","_txt","Not verified","Not verified","fallback","src/js/account.js","18"
"_txt()","_txt","Your plan limits are currently enforced.","Your plan limits are currently enforced.","fallback","src/js/account.js","18"
"_txt()","_txt","Usage limits are informational in this development build; an administrator can assign plans manually.","Usage limits are informational in this development build; an administrator can assign plans manually.","fallback","src/js/account.js","18"
"_txt()","_txt","Sign in through the full application server to manage this account.","Sign in through the full application server to manage this account.","fallback","src/js/account.js","18"
"_txt()","_txt","The new passwords do not match.","The new passwords do not match.","fallback","src/js/account.js","19"
"_txt()","_txt","Changing password…","Changing password…","fallback","src/js/account.js","19"
"_txt()","_txt","Password changed. Other signed-in sessions were ended.","Password changed. Other signed-in sessions were ended.","fallback","src/js/account.js","19"
"_txt()","_txt","Preparing export…","Preparing export…","fallback","src/js/account.js","20"
"_txt()","_txt","Export downloaded.","Export downloaded.","fallback","src/js/account.js","20"
"_txt()","_txt","Sending verification email…","Sending verification email…","fallback","src/js/account.js","23"
"_txt()","_txt","Your email is already verified.","Your email is already verified.","fallback","src/js/account.js","23"
"_txt()","_txt","Verification email sent.","Verification email sent.","fallback","src/js/account.js","23"
"_txt()","_txt","Verification token created, but SMTP delivery is not configured.","Verification token created, but SMTP delivery is not configured.","fallback","src/js/account.js","23"
"sectionTitle","sectionTitle","Shared photo album","អាល់ប៊ុមរូបថតរួម","translated","src/js/album.js","23"
"sectionIntro","sectionIntro","Share photos from the event. New uploads are reviewed by the host before they appear here.","ចែករំលែករូបថតពីការប្រគំតន្ត្រី។ រូបថតថ្មីៗត្រូវបានពិនិត្យដោយម្ចាស់កម្មវិធីមុននឹងបង្ហាញនៅទីនេះ។","translated","src/js/album.js","24"
"upload","upload","Upload photo","បញ្ចូលរូបថត","translated","src/js/album.js","28"
"caption","caption","Caption (optional)","ចំណងជើង (ស្រេចចិត្ត)","translated","src/js/album.js","29"
"choose","choose","Choose photo","ជ្រើសរូបថត","translated","src/js/album.js","30"
"submit","submit","Upload","បញ្ចូល","translated","src/js/album.js","31"
"pending","pending","Pending review","រង់ចាំពិនិត្យ","translated","src/js/album.js","32"
"approved","approved","Approved","បានអនុម័ត","translated","src/js/album.js","33"
"hidden","hidden","Hidden","បានលាក់","translated","src/js/album.js","34"
"delete","delete","Delete","លុប","translated","src/js/album.js","35"
"loading","loading","Loading photos…","កំពុងផ្ទុករូបថត…","translated","src/js/album.js","36"
"empty","empty","No photos have been shared yet. Be the first!","មិនទាន់មានរូបថតត្រូវបានចែករំលែកនៅឡើយ។ ក្លាយជាមនុស្សដំបូង!","translated","src/js/album.js","37"
"error","error","We could not upload the photo. Please try again.","មិនអាចបញ្ចូលរូបថតបានទេ។ សូមព្យាយាមម្ដងទៀត។","translated","src/js/album.js","38"
"success","success","Photo uploaded! It will appear here after the host approves it.","រូបថតបានបញ្ចូល! វានឹងបង្ហាញនៅទីនេះបន្ទាប់ពីម្ចាស់កម្មវិធីអនុម័ត។","translated","src/js/album.js","39"
"approve","approve","Approve","អនុម័ត","translated","src/js/album.js","40"
"hide","hide","Hide","លាក់","translated","src/js/album.js","41"
"loadMore","loadMore","Load more","ផ្ទុកថែម","translated","src/js/album.js","42"
"uploading","uploading","Uploading…","កំពុងផ្ទុកឡើង…","translated","src/js/album.js","44"
"processing","processing","Processing…","កំពុងដំណើរការ…","translated","src/js/album.js","45"
"uploadFailed","uploadFailed","Upload failed. Please try again.","ការផ្ទុកឡើងបរាជ័យ។ សូមព្យាយាមម្ដងទៀត។","translated","src/js/album.js","46"
"malwareDetected","malwareDetected","Upload rejected: malware detected.","ការផ្ទុកឡើងត្រូវបានបដិសេធ: បានរកឃើញម៉ាលវែរ។","translated","src/js/album.js","47"
"retry","retry","Retry","ព្យាយាមម្ដងទៀត","translated","src/js/album.js","48"
"cancel","cancel","Cancel","បោះបង់","translated","src/js/album.js","49"
"cancelled","cancelled","Upload cancelled.","ការផ្ទុកឡើងត្រូវបានបោះបង់។","translated","src/js/album.js","50"
"_txt()","_txt","Invitation","Invitation","fallback","src/js/analytics.js","9"
"b()","b","Total views","Total views","fallback","src/js/analytics.js","9"
"b()","b","All-time public opens","All-time public opens","fallback","src/js/analytics.js","9"
"b()","b","Last 30 days","Last 30 days","fallback","src/js/analytics.js","9"
"b()","b","Recent invitation opens","Recent invitation opens","fallback","src/js/analytics.js","9"
"_txt()","_txt","RSVP","RSVP","fallback","src/js/analytics.js","9"
"_txt()","_txt","RSVP responses","RSVP responses","fallback","src/js/analytics.js","9"
"_txt()","_txt","Disabled","Disabled","fallback","src/js/analytics.js","9"
"b()","b","Historical responses are preserved","Historical responses are preserved","fallback","src/js/analytics.js","9"
"_txt()","_txt","total responding guests","total responding guests","fallback","src/js/analytics.js","9"
"b()","b","Checked in","Checked in","fallback","src/js/analytics.js","9"
"_txt()","_txt","guests on list","guests on list","fallback","src/js/analytics.js","9"
"b()","b","Views — last 30 days","Views — last 30 days","fallback","src/js/analytics.js","9"
"_txt()","_txt","view","view","fallback","src/js/analytics.js","9"
"b()","b","RSVP breakdown","RSVP breakdown","fallback","src/js/analytics.js","9"
"b()","b","RSVP disabled for this invitation. Historical response data remains available.","RSVP disabled for this invitation. Historical response data remains available.","fallback","src/js/analytics.js","9"
"b()","b","No RSVP responses yet.","No RSVP responses yet.","fallback","src/js/analytics.js","9"
"b()","b","Guest check-in","Guest check-in","fallback","src/js/analytics.js","9"
"_txt()","_txt","of listed guests checked in.","of listed guests checked in.","fallback","src/js/analytics.js","9"
"b()","b","Publishing","Publishing","fallback","src/js/analytics.js","9"
"b()","b","Public slug:","Public slug:","fallback","src/js/analytics.js","9"
"b()","b","Access:","Access:","fallback","src/js/analytics.js","9"
"b()","b","Analytics unavailable","Analytics unavailable","fallback","src/js/analytics.js","10"
"_txt()","_txt","used","used","fallback","src/js/billing.js","22"
"b()","b","Payment submitted","Payment submitted","fallback","src/js/billing.js","30"
"b()","b","We are securely confirming the card payment. Your plan activates only after the gateway webhook is verified.","We are securely confirming the card payment. Your plan activates only after the gateway webhook is verified.","fallback","src/js/billing.js","30"
"b()","b","Checkout cancelled","Checkout cancelled","fallback","src/js/billing.js","33"
"b()","b","Your card was not charged by this website and your current plan has not changed.","Your card was not charged by this website and your current plan has not changed.","fallback","src/js/billing.js","33"
"_txt()","_txt","account","account","fallback","src/js/billing.js","44"
"b()","b","Invitations","Invitations","fallback","src/js/billing.js","46"
"b()","b","Reusable templates","Reusable templates","fallback","src/js/billing.js","46"
"b()","b","Material storage","Material storage","fallback","src/js/billing.js","46"
"_txt()","_txt","Secure card checkout","Secure card checkout","fallback","src/js/billing.js","47"
"_txt()","_txt","Card checkout is connected","Card checkout is connected","fallback","src/js/billing.js","48"
"_txt()","_txt","Gateway credentials still need to be configured","Gateway credentials still need to be configured","fallback","src/js/billing.js","48"
"_txt()","_txt","No card required","No card required","fallback","src/js/billing.js","52"
"b()","b","Current plan","Current plan","fallback","src/js/billing.js","53"
"b()","b","Included","Included","fallback","src/js/billing.js","53"
"b()","b","Pay securely by card","Pay securely by card","fallback","src/js/billing.js","53"
"b()","b","Visa · Mastercard","Visa · Mastercard","fallback","src/js/billing.js","53"
"b()","b","Current plan","Current plan","fallback","src/js/billing.js","54"
"b()","b","Available tier","Available tier","fallback","src/js/billing.js","54"
"b()","b","per billing period","per billing period","fallback","src/js/billing.js","54"
"_txt()","_txt","active invitations","active invitations","fallback","src/js/billing.js","54"
"_txt()","_txt","templates","ពុម្ពអត្ថបទ","translated","src/js/billing.js","54"
"_txt()","_txt","storage","storage","fallback","src/js/billing.js","54"
"_txt()","_txt","Opening secure checkout…","Opening secure checkout…","fallback","src/js/billing.js","57"
"_txt()","_txt","Checkout unavailable","Checkout unavailable","fallback","src/js/billing.js","59"
"_txt()","_txt","Payments are completed on the gateway’s hosted checkout. This website does not receive or store your full card number or security code.","Payments are completed on the gateway’s hosted checkout. This website does not receive or store your full card number or security code.","fallback","src/js/billing.js","63"
"_txt()","_txt","Card checkout is designed and ready, but it stays disabled until the owner adds production gateway credentials and a webhook secret.","Card checkout is designed and ready, but it stays disabled until the owner adds production gateway credentials and a webhook secret.","fallback","src/js/billing.js","64"
"b()","b","Plans unavailable","Plans unavailable","fallback","src/js/billing.js","66"
"b()","b","Back to dashboard","Back to dashboard","fallback","src/js/billing.js","66"
"_txt()","_txt","Online","Online","fallback","src/js/checkin-v13.js","9"
"_txt()","_txt","Offline","Offline","fallback","src/js/checkin-v13.js","9"
"_txt()","_txt","Table","Table","fallback","src/js/checkin-v13.js","11"
"_txt()","_txt","Seat","Seat","fallback","src/js/checkin-v13.js","11"
"_txt()","_txt","Undo check-in","Undo check-in","fallback","src/js/checkin-v13.js","11"
"_txt()","_txt","Check in","Check in","fallback","src/js/checkin-v13.js","11"
"_txt()","_txt","was already checked in.","was already checked in.","fallback","src/js/checkin-v13.js","13"
"_txt()","_txt","Camera QR scanning is not supported in this browser. Use guest search instead.","Camera QR scanning is not supported in this browser. Use guest search instead.","fallback","src/js/checkin-v13.js","16"
"_txt()","_txt","Camera could not be opened:","Camera could not be opened:","fallback","src/js/checkin-v13.js","16"
"joined","joined","joined","បានចូលរួម","translated","src/js/collaboration-presence-v52.js","52"
"left","left","left","បានចាកចេញ","translated","src/js/collaboration-presence-v52.js","52"
"editing","editing","editing","កំពុងកែសម្រួល","translated","src/js/collaboration-presence-v52.js","52"
"viewing","viewing","viewing","កំពុងមើល","translated","src/js/collaboration-presence-v52.js","52"
"idle","idle","idle","ទំនេរ","translated","src/js/collaboration-presence-v52.js","52"
"you","you","You","អ្នក","translated","src/js/collaboration-presence-v52.js","52"
"collaborator","collaborator","Collaborator","សហការី","translated","src/js/collaboration-presence-v52.js","52"
"views","views","Views","ចំនួនមើល","translated","src/js/components/chart.js","31"
"rsvps","rsvps","RSVPs","RSVPs","fallback","src/js/components/chart.js","31"
"mobile","mobile","Mobile","ទូរស័ព្ទ","translated","src/js/components/chart.js","31"
"tablet","tablet","Tablet","ថេប្លេត","translated","src/js/components/chart.js","31"
"desktop","desktop","Desktop","ដេស្គトップ","translated","src/js/components/chart.js","31"
"noData","noData","No data yet","មិនមានទិន្នន័យទេ","translated","src/js/components/chart.js","31"
"chartOf","chartOf","Chart of","ក្រាហ្វិចនៃ","translated","src/js/components/chart.js","31"
"data","data","Data","ទិន្នន័យ","translated","src/js/components/chart.js","31"
"value","value","Value","តម្លៃ","translated","src/js/components/chart.js","31"
"label","label","Label","ស្លាក","translated","src/js/components/chart.js","31"
"close","close","Close","បិទ","translated","src/js/components/toast.js","41"
"offlineQueue","offlineQueue","Offline queue","ការជួរក្រៅបណ្ដាញ","translated","src/js/crdt-yjs-indexeddb.js","70"
"compacting","compacting","Compacting CRDT log","កំពុងបង្ហាប់កំណត់ហេតុ CRDT","translated","src/js/crdt-yjs-indexeddb.js","70"
"synced","synced","Synced to IndexedDB","បានធ្វើសមកាលកម្មទៅ IndexedDB","translated","src/js/crdt-yjs-indexeddb.js","70"
"failed","failed","IndexedDB write failed","សរសេរ IndexedDB បរាជ័យ","translated","src/js/crdt-yjs-indexeddb.js","70"
"image","image","Image","រូបភាព","translated","src/js/crdt-yjs-rich-media.js","53"
"embed","embed","Embed","ការបញ្ចេញសំឡេង","translated","src/js/crdt-yjs-rich-media.js","53"
"resizing","resizing","Resizing","កំពុងប្ដូរទំហំ","translated","src/js/crdt-yjs-rich-media.js","53"
"cancelResize","cancelResize","Cancel resize","បោះបង់ការប្ដូរទំហំ","translated","src/js/crdt-yjs-rich-media.js","53"
"undo","undo","Undo","មិនធ្វើវិញ","translated","src/js/crdt-yjs-undo.js","42"
"redo","redo","Redo","ធ្វើវិញ","translated","src/js/crdt-yjs-undo.js","42"
"nothingToUndo","nothingToUndo","Nothing to undo","មិនមានអ្វីដែលត្រូវមិនធ្វើវិញ","translated","src/js/crdt-yjs-undo.js","42"
"nothingToRedo","nothingToRedo","Nothing to redo","មិនមានអ្វីដែលត្រូវធ្វើវិញ","translated","src/js/crdt-yjs-undo.js","42"
"stackCleared","stackCleared","Undo history cleared","បានជម្រះប្រវត្តិមិនធ្វើវិញ","translated","src/js/crdt-yjs-undo.js","42"
"_html()","_html","Static preview mode","Static preview mode","fallback","src/js/dashboard.js","90"
"_html()","_html","Server-backed accounts, collaboration, materials, campaigns, and check-in synchronization require the full application server.","Server-backed accounts, collaboration, materials, campaigns, and check-in synchronization require the full application server.","fallback","src/js/dashboard.js","90"
"_txt()","_txt","More actions","សកម្មភាពច្រើន","translated","src/js/dashboard.js","97"
"_html()","_html","Edit","កែប្រែ","translated","src/js/dashboard.js","97"
"_html()","_html","Guests","ភ្ញៀវ","translated","src/js/dashboard.js","97"
"_html()","_html","Responses","បញ្ចូលទា","translated","src/js/dashboard.js","97"
"_html()","_html","Analytics","វិភានសម្តែង","translated","src/js/dashboard.js","97"
"_html()","_html","Duplicate","ចម្លង","translated","src/js/dashboard.js","97"
"_html()","_html","Restore","ស្ដារ","translated","src/js/dashboard.js","97"
"_html()","_html","Archive","បង្ងា","translated","src/js/dashboard.js","97"
"_html()","_html","Delete","លុប","translated","src/js/dashboard.js","97"
"_txt()","_txt","Enter a valid email address.","Enter a valid email address.","fallback","src/js/dashboard.js","102"
"_txt()","_txt","Use a password of at least 8 characters.","Use a password of at least 8 characters.","fallback","src/js/dashboard.js","102"
"_txt()","_txt","The passwords do not match.","The passwords do not match.","fallback","src/js/dashboard.js","102"
"_txt()","_txt","Enter the 6-digit code from your authenticator app.","Enter the 6-digit code from your authenticator app.","fallback","src/js/dashboard.js","102"
"_txt()","_txt","Two-step verification was cancelled.","Two-step verification was cancelled.","fallback","src/js/dashboard.js","102"
"_txt()","_txt","Enter your email first, then choose Use a passkey.","Enter your email first, then choose Use a passkey.","fallback","src/js/dashboard.js","119"
"_txt()","_txt","This browser does not support passkeys.","This browser does not support passkeys.","fallback","src/js/dashboard.js","119"
"_txt()","_txt","Waiting for your passkey…","Waiting for your passkey…","fallback","src/js/dashboard.js","119"
"title","title","Send invitation","ផ្ញើការអញ្ជើញ","translated","src/js/delivery-dialog.js","16"
"intro","intro","Pick channels and recipients. Email is always available; SMS / WhatsApp / Telegram require configuration.","ជ្រើសឆានែល និងអ្នកទទួល។ អ៊ីមែលអាចប្រើបានជានិច្ច; SMS / WhatsApp / Telegram ត្រូវការការកំណត់រចនាសម្ព័ន្ធ។","translated","src/js/delivery-dialog.js","17"
"channels","channels","Channels","ឆានែល","translated","src/js/delivery-dialog.js","21"
"recipients","recipients","Recipients","អ្នកទទួល","translated","src/js/delivery-dialog.js","22"
"message","message","Message (optional)","សារ (ស្រេចចិត្ត)","translated","src/js/delivery-dialog.js","23"
"subject","subject","Subject","ប្រធានបទ","translated","src/js/delivery-dialog.js","24"
"selectAll","selectAll","Select all","ជ្រើសទាំងអស់","translated","src/js/delivery-dialog.js","25"
"send","send","Send","ផ្ញើ","translated","src/js/delivery-dialog.js","26"
"cancel","cancel","Cancel","បោះបង់","translated","src/js/delivery-dialog.js","27"
"sent","sent","sent","បានផ្ញើ","translated","src/js/delivery-dialog.js","28"
"skipped","skipped","skipped","រំលង","translated","src/js/delivery-dialog.js","29"
"failed","failed","failed","បរាជ័យ","translated","src/js/delivery-dialog.js","30"
"notConfigured","notConfigured","Not configured","មិនបានកំណត់រចនាសម្ព័ន្ធ","translated","src/js/delivery-dialog.js","31"
"close","close","Close","បិទ","translated","src/js/delivery-dialog.js","32"
"b()","b","Designer Workspace unavailable","Designer Workspace unavailable","fallback","src/js/designer.js","9"
"b()","b","Back to dashboard","Back to dashboard","fallback","src/js/designer.js","9"
"b()","b","Active invitations","Active invitations","fallback","src/js/designer.js","10"
"b()","b","Reusable templates","ពុម្ពអត្ថបទ","translated","src/js/designer.js","10"
"b()","b","Stored materials","សម្ភារែ","translated","src/js/designer.js","10"
"b()","b","Storage used","បន្ទុកបានប្រើ","translated","src/js/designer.js","10"
"title","title","Quick Actions","សកម្មភាពរហ័ស","translated","src/js/editor/chrome/command-palette.js","37"
"placeholder","placeholder","Search actions, pages, layers…","ស្វែងរកសកម្មភាព ទំព័រ ស្រទាប់…","translated","src/js/editor/chrome/command-palette.js","37"
"empty","empty","No matching commands","មិនមានសកម្មភាពត្រូវគ្នាទេ","translated","src/js/editor/chrome/command-palette.js","37"
"recent","recent","Recently used","បានប្រើថ្មីៗ","translated","src/js/editor/chrome/command-palette.js","37"
"shortcuts","shortcuts","Keyboard shortcuts","ផ្លូវកាត់ក្ដារចុច","translated","src/js/editor/chrome/command-palette.js","37"
"runLabel","runLabel","Run","ដំណើរការ","translated","src/js/editor/chrome/command-palette.js","37"
"closeLabel","closeLabel","Close","បិទ","translated","src/js/editor/chrome/command-palette.js","37"
"navigating","navigating","↑↓ Navigate · Enter Run · Esc Close","↑↓ រុករក · Enter ដំណើរការ · Esc បិទ","translated","src/js/editor/chrome/command-palette.js","37"
"noShortcuts","noShortcuts","No shortcuts registered","មិនមានផ្លូវកាត់ទេ","translated","src/js/editor/chrome/command-palette.js","37"
"title","title","Layers","ស្រទាប់","translated","src/js/editor/chrome/layers.js","43"
"empty","empty","No layers on this canvas","មិនមានស្រទាប់នៅលើកាណវាស់នេះទេ","translated","src/js/editor/chrome/layers.js","43"
"lock","lock","Lock layer","ចាក់សោស្រទាប់","translated","src/js/editor/chrome/layers.js","43"
"unlock","unlock","Unlock layer","ដោះសោស្រទាប់","translated","src/js/editor/chrome/layers.js","43"
"hide","hide","Hide layer","លាក់ស្រទាប់","translated","src/js/editor/chrome/layers.js","43"
"show","show","Show layer","បង្ហាញស្រទាប់","translated","src/js/editor/chrome/layers.js","43"
"rename","rename","Rename layer","ប្ដូរឈ្មោះស្រទាប់","translated","src/js/editor/chrome/layers.js","43"
"visibility","visibility","Visibility","ភាពមើលឃើញ","translated","src/js/editor/chrome/layers.js","43"
"locked","locked","Locked","បានចាក់សោ","translated","src/js/editor/chrome/layers.js","43"
"hidden","hidden","Hidden","បានលាក់","translated","src/js/editor/chrome/layers.js","43"
"text","text","Text","អត្ថបទ","translated","src/js/editor/chrome/layers.js","43"
"image","image","Image","រូបភាព","translated","src/js/editor/chrome/layers.js","43"
"shape","shape","Shape","រាង","translated","src/js/editor/chrome/layers.js","43"
"background","background","Background","ផ្ទៃខាងក្រោយ","translated","src/js/editor/chrome/layers.js","43"
"page","page","Page","ទំព័រ","translated","src/js/editor/chrome/layers.js","43"
"element","element","Element","ធាតុ","translated","src/js/editor/chrome/layers.js","43"
"layer","layer","Layer","ស្រទាប់","translated","src/js/editor/chrome/layers.js","43"
"title","title","Pages","ទំព័រ","translated","src/js/editor/chrome/pages.js","39"
"add","add","Add page","បន្ថែមទំព័រ","translated","src/js/editor/chrome/pages.js","39"
"duplicate","duplicate","Duplicate page","ចម្លងទំព័រ","translated","src/js/editor/chrome/pages.js","39"
"delete","delete","Delete page","លុបទំព័រ","translated","src/js/editor/chrome/pages.js","39"
"insertAbove","insertAbove","Insert page above","បញ្ចូលទំព័រខាងលើ","translated","src/js/editor/chrome/pages.js","39"
"insertBelow","insertBelow","Insert page below","បញ្ចូលទំព័រខាងក្រោម","translated","src/js/editor/chrome/pages.js","39"
"empty","empty","No design pages yet","មិនទាន់មានទំព័រទេ","translated","src/js/editor/chrome/pages.js","39"
"mainHero","mainHero","Main hero","ទំព័រមេ","translated","src/js/editor/chrome/pages.js","39"
"thumbnail","thumbnail","Page thumbnail","រូបភាពទំព័រតូច","translated","src/js/editor/chrome/pages.js","39"
"active","active","Active page","ទំព័រសកម្ម","translated","src/js/editor/chrome/pages.js","39"
"title","title","Keyboard shortcuts","ផ្លូវកាត់ក្ដារចុច","translated","src/js/editor/chrome/shortcuts.js","32"
"empty","empty","No shortcuts registered","មិនមានផ្លូវកាត់ទេ","translated","src/js/editor/chrome/shortcuts.js","32"
"category","category","Category","ប្រភេទ","translated","src/js/editor/chrome/shortcuts.js","32"
"all","all","All","ទាំងអស់","translated","src/js/editor/chrome/shortcuts.js","32"
"filter","filter","Filter shortcuts…","ត្រង់ផ្លូវកាត់…","translated","src/js/editor/chrome/shortcuts.js","32"
"close","close","Close","បិទ","translated","src/js/editor/chrome/shortcuts.js","32"
"command","command","Command","ពាក្យបញ្ជា","translated","src/js/editor/chrome/shortcuts.js","32"
"shortcut","shortcut","Shortcut","ផ្លូវកាត់","translated","src/js/editor/chrome/shortcuts.js","32"
"title","title","Comments","មតិយោបល់","translated","src/js/editor/collab/comments.js","35"
"empty","empty","No comments yet","មិនទាន់មានមតិយោបល់ទេ","translated","src/js/editor/collab/comments.js","35"
"addPlaceholder","addPlaceholder","Write a comment…","សរសេរមតិយោបល់…","translated","src/js/editor/collab/comments.js","35"
"replyPlaceholder","replyPlaceholder","Reply…","ឆ្លើយតប…","translated","src/js/editor/collab/comments.js","35"
"send","send","Send","ផ្ញើ","translated","src/js/editor/collab/comments.js","35"
"reply","reply","Reply","ឆ្លើយតប","translated","src/js/editor/collab/comments.js","35"
"resolve","resolve","Resolve","បិទបញ្ហា","translated","src/js/editor/collab/comments.js","35"
"unresolve","unresolve","Reopen","បើកឡើងវិញ","translated","src/js/editor/collab/comments.js","35"
"delete","delete","Delete","លុប","translated","src/js/editor/collab/comments.js","35"
"cancel","cancel","Cancel","បោះបង់","translated","src/js/editor/collab/comments.js","35"
"toolActive","toolActive","Click on canvas to add comment","ចុចលើកាណវាស់ដើម្បីបន្ថែមមតិយោបល់","translated","src/js/editor/collab/comments.js","35"
"resolved","resolved","Resolved","បានបិទ","translated","src/js/editor/collab/comments.js","35"
"showResolved","showResolved","Show resolved","បង្ហាញដែលបានបិទ","translated","src/js/editor/collab/comments.js","35"
"hideResolved","hideResolved","Hide resolved","លាក់ដែលបានបិទ","translated","src/js/editor/collab/comments.js","35"
"mention","mention","Mentioned user","បានផ្ដល់់សំគាល់អ្នកប្រើ","translated","src/js/editor/collab/comments.js","35"
"you","you","You","អ្នក","translated","src/js/editor/collab/comments.js","35"
"anonymous","anonymous","Anonymous","អនាមិក","translated","src/js/editor/collab/comments.js","35"
"guest","guest","Guest","ភ្ញៀវ","translated","src/js/editor/collab/presence.js","31"
"you","you","You","អ្នក","translated","src/js/editor/collab/presence.js","31"
"editing","editing","editing","កំពុងកែសម្រួល","translated","src/js/editor/collab/presence.js","31"
"viewing","viewing","viewing","កំពុងមើល","translated","src/js/editor/collab/presence.js","31"
"idle","idle","idle","ទំនេរ","translated","src/js/editor/collab/presence.js","31"
"title","title","Version history","ប្រវត្តិកំណែប្រែ","translated","src/js/editor/history/timeline.js","40"
"empty","empty","No versions yet","មិនទាន់មានកំណែប្រែទេ","translated","src/js/editor/history/timeline.js","40"
"snapshot","snapshot","Save snapshot","រក្សាទុកកំណែប្រែ","translated","src/js/editor/history/timeline.js","40"
"restore","restore","Restore","ស្ដារ","translated","src/js/editor/history/timeline.js","40"
"preview","preview","Preview","មើលជាមុន","translated","src/js/editor/history/timeline.js","40"
"cancelPreview","cancelPreview","Cancel preview","បោះបង់ការមើលជាមុន","translated","src/js/editor/history/timeline.js","40"
"confirmRestore","confirmRestore","Restore this version? Current state will be auto-saved first.","ស្ដារកំណែប្រែនេះ? ស្ថានភាពបច្ចុប្បន្ននឹងត្រូវរក្សាទុកស្វ័យប្រវត្តិជាមុន។","translated","src/js/editor/history/timeline.js","40"
"you","you","You","អ្នក","translated","src/js/editor/history/timeline.js","40"
"anonymous","anonymous","Anonymous","អនាមិក","translated","src/js/editor/history/timeline.js","40"
"auto","auto","Auto-saved","បានរក្សាទុកស្វ័យប្រវត្តិ","translated","src/js/editor/history/timeline.js","40"
"manual","manual","Manual snapshot","រក្សាទុកដោយដៃ","translated","src/js/editor/history/timeline.js","40"
"restoredFrom","restoredFrom","Restored from {v}","បានស្ដារពី {v}","translated","src/js/editor/history/timeline.js","40"
"author","author","Author","អ្នកនិពន្ធ","translated","src/js/editor/history/timeline.js","40"
"timestamp","timestamp","Timestamp","ពេលវេលា","translated","src/js/editor/history/timeline.js","40"
"summary","summary","Summary","សង្ខេប","translated","src/js/editor/history/timeline.js","40"
"nav","nav","Invitation sections","ផ្នែកនៃធៀបអញ្ជើញ","translated","src/js/guest-journey.js","3"
"previous","previous","Previous section","ផ្នែកមុន","translated","src/js/guest-journey.js","3"
"next","next","Next section","ផ្នែកបន្ទាប់","translated","src/js/guest-journey.js","3"
"share","share","Share invitation","ចែករំលែកការអញ្ជើញ","translated","src/js/guest-journey.js","3"
"top","top","Back to top","ត្រឡប់ទៅខាងលើ","translated","src/js/guest-journey.js","3"
"open","open","Open section list","បើកបញ្ជីផ្នែក","translated","src/js/guest-journey.js","3"
"section","section","Section","ផ្នែក","translated","src/js/guest-journey.js","3"
"_txt()","_txt","Guest management, personal links, QR codes, and check-in require the full application server.","Guest management, personal links, QR codes, and check-in require the full application server.","fallback","src/js/guests.js","16"
"_txt()","_txt","This invitation is not available in the current server context.","This invitation is not available in the current server context.","fallback","src/js/guests.js","16"
"_html()","_html","Invited","Invited","fallback","src/js/guests.js","20"
"_html()","_html","Attending","Attending","fallback","src/js/guests.js","20"
"_html()","_html","Declined","Declined","fallback","src/js/guests.js","20"
"_html()","_html","Pending","Pending","fallback","src/js/guests.js","20"
"_html()","_html","Checked in","Checked in","fallback","src/js/guests.js","20"
"_html()","_html","Off","Off","fallback","src/js/guests.js","20"
"_html()","_html","RSVP disabled","RSVP disabled","fallback","src/js/guests.js","20"
"_txt()","_txt","Awaiting reply","Awaiting reply","fallback","src/js/guests.js","21"
"_txt()","_txt","Group:","Group:","fallback","src/js/guests.js","21"
"_txt()","_txt","Household:","Household:","fallback","src/js/guests.js","21"
"_txt()","_txt","Table:","Table:","fallback","src/js/guests.js","21"
"_txt()","_txt","Seat:","Seat:","fallback","src/js/guests.js","21"
"_html()","_html","Checked in","Checked in","fallback","src/js/guests.js","22"
"_html()","_html","at","at","fallback","src/js/guests.js","22"
"_html()","_html","RSVP","RSVP","fallback","src/js/guests.js","22"
"_html()","_html","Opened","Opened","fallback","src/js/guests.js","22"
"_html()","_html","Edit","Edit","fallback","src/js/guests.js","22"
"_html()","_html","Link","Link","fallback","src/js/guests.js","22"
"_html()","_html","Rotate link","Rotate link","fallback","src/js/guests.js","22"
"_html()","_html","QR","QR","fallback","src/js/guests.js","22"
"_html()","_html","Undo check-in","Undo check-in","fallback","src/js/guests.js","22"
"_html()","_html","Check in","Check in","fallback","src/js/guests.js","22"
"_html()","_html","Remove","Remove","fallback","src/js/guests.js","22"
"_html()","_html","No guests match this filter.","No guests match this filter.","fallback","src/js/guests.js","22"
"_txt()","_txt","Guest name","Guest name","fallback","src/js/guests.js","27"
"_txt()","_txt","Phone number","Phone number","fallback","src/js/guests.js","27"
"_txt()","_txt","Email","Email","fallback","src/js/guests.js","27"
"_txt()","_txt","Group","Group","fallback","src/js/guests.js","27"
"_txt()","_txt","Household","Household","fallback","src/js/guests.js","27"
"_txt()","_txt","Table","Table","fallback","src/js/guests.js","27"
"_txt()","_txt","Seat","Seat","fallback","src/js/guests.js","27"
"_txt()","_txt","Tags (comma separated)","Tags (comma separated)","fallback","src/js/guests.js","27"
"_html()","_html","Edit guest","Edit guest","fallback","src/js/guests.js","27"
"_html()","_html","Cancel","Cancel","fallback","src/js/guests.js","27"
"_html()","_html","Save","Save","fallback","src/js/guests.js","27"
"_txt()","_txt","Remove this guest?","Remove this guest?","fallback","src/js/guests.js","29"
"_txt()","_txt","Remove guest","Remove guest","fallback","src/js/guests.js","29"
"_txt()","_txt","Remove","Remove","fallback","src/js/guests.js","29"
"_txt()","_txt","Optional expiration in days. Leave blank for no expiration.","Optional expiration in days. Leave blank for no expiration.","fallback","src/js/guests.js","30"
"_txt()","_txt","Rotate personal invitation link","Rotate personal invitation link","fallback","src/js/guests.js","30"
"_txt()","_txt","Rotate link","Rotate link","fallback","src/js/guests.js","30"
"_html()","_html","Personal invitation link","Personal invitation link","fallback","src/js/guests.js","31"
"_html()","_html","Expires","Expires","fallback","src/js/guests.js","31"
"_html()","_html","No expiration set","No expiration set","fallback","src/js/guests.js","31"
"_html()","_html","Copy personal link","Copy personal link","fallback","src/js/guests.js","31"
"_html()","_html","Rotate link","Rotate link","fallback","src/js/guests.js","31"
"_html()","_html","Revoke link","Revoke link","fallback","src/js/guests.js","31"
"_txt()","_txt","Copied!","Copied!","fallback","src/js/guests.js","31"
"_txt()","_txt","Revoke this personal link? Existing copies and QR codes will stop working.","Revoke this personal link? Existing copies and QR codes will stop working.","fallback","src/js/guests.js","31"
"_txt()","_txt","Revoke personal link","Revoke personal link","fallback","src/js/guests.js","31"
"_txt()","_txt","Revoke","Revoke","fallback","src/js/guests.js","31"
"_txt()","_txt","QR code","QR code","fallback","src/js/guests.js","32"
"_html()","_html","Run the local server to generate a private QR code.","Run the local server to generate a private QR code.","fallback","src/js/guests.js","32"
"_html()","_html","Copy personal link","Copy personal link","fallback","src/js/guests.js","32"
"_html()","_html","Download QR","Download QR","fallback","src/js/guests.js","32"
"_txt()","_txt","QR generation is unavailable. The personal link can still be copied safely.","QR generation is unavailable. The personal link can still be copied safely.","fallback","src/js/guests.js","32"
"_txt()","_txt","Copied!","Copied!","fallback","src/js/guests.js","32"
"_txt()","_txt","Imported %d guest(s).","Imported %d guest(s).","fallback","src/js/guests.js","35"
"_txt()","_txt","Name","Name","fallback","src/js/guests.js","36"
"_txt()","_txt","Phone","Phone","fallback","src/js/guests.js","36"
"_txt()","_txt","Email","Email","fallback","src/js/guests.js","36"
"_txt()","_txt","Group","Group","fallback","src/js/guests.js","36"
"_txt()","_txt","Household","Household","fallback","src/js/guests.js","36"
"_txt()","_txt","Table","Table","fallback","src/js/guests.js","36"
"_txt()","_txt","Seat","Seat","fallback","src/js/guests.js","36"
"_txt()","_txt","Tags","Tags","fallback","src/js/guests.js","36"
"_txt()","_txt","RSVP status","RSVP status","fallback","src/js/guests.js","36"
"_txt()","_txt","Invitation mode","Invitation mode","fallback","src/js/guests.js","36"
"_txt()","_txt","Checked in","Checked in","fallback","src/js/guests.js","36"
"_txt()","_txt","Delivery","Delivery","fallback","src/js/guests.js","36"
"_txt()","_txt","Opened","Opened","fallback","src/js/guests.js","36"
"_txt()","_txt","Personal link","Personal link","fallback","src/js/guests.js","36"
"_txt()","_txt","Pending","Pending","fallback","src/js/guests.js","36"
"_txt()","_txt","RSVP disabled","RSVP disabled","fallback","src/js/guests.js","36"
"_txt()","_txt","Yes","Yes","fallback","src/js/guests.js","36"
"_txt()","_txt","No","No","fallback","src/js/guests.js","36"
"panelTitle","panelTitle","Polls","ការស្ទង់មតិ","translated","src/js/host-polls.js","47"
"panelIntro","panelIntro","Create polls so guests can vote. Guests see the same polls on the live invitation page.","បង្កើតការស្ទង់មតិ ដូច្នេះភ្ញៀវអាចបោះឆ្នោត។ ភ្ញៀវឃើញការស្ទង់មតិដដែលនៅលើទំព័រការអញ្ជើញផ្ទាល់។","translated","src/js/host-polls.js","48"
"create","create","Create poll","បង្កើតការស្ទង់មតិ","translated","src/js/host-polls.js","52"
"edit","edit","Edit","កែប្រែ","translated","src/js/host-polls.js","53"
"delete","delete","Delete","លុប","translated","src/js/host-polls.js","54"
"cancel","cancel","Cancel","បោះបង់","translated","src/js/host-polls.js","55"
"save","save","Save","រក្សាទុក","translated","src/js/host-polls.js","56"
"closeNow","closeNow","Close now","បិទឥឡូវនេះ","translated","src/js/host-polls.js","57"
"viewResults","viewResults","View results","មើលលទ្ធផល","translated","src/js/host-polls.js","58"
"hideResults","hideResults","Hide results","លាក់លទ្ធផល","translated","src/js/host-polls.js","59"
"loading","loading","Loading polls…","កំពុងផ្ទុកការស្ទង់មតិ…","translated","src/js/host-polls.js","60"
"empty","empty","No polls yet. Create one to let guests vote.","មិនទាន់មានការស្ទង់មតិនៅឡើយ។ បង្កើតមួយដើម្បីឱ្យភ្ញៀវអាចបោះឆ្នោត។","translated","src/js/host-polls.js","61"
"error","error","Could not load polls. Please try again.","មិនអាចផ្ទុកការស្ទង់មតិបានទេ។ សូមព្យាយាមម្ដងទៀត។","translated","src/js/host-polls.js","62"
"noInvitation","noInvitation","Select an invitation first to manage its polls.","សូមជ្រើសការអញ្ជើញជាមុនសិនដើម្បីគ្រប់គ្រងការស្ទង់មតិរបស់វា។","translated","src/js/host-polls.js","63"
"emptyTitle","emptyTitle","No polls yet","មិនទាន់មានការស្ទង់មតិទេ","translated","src/js/host-polls.js","65"
"emptyMessage","emptyMessage","Create a poll to gather guest preferences.","បង្កើតការស្ទង់មតិដើម្បីប្រមូលចំណូលចិត្តភ្ញៀវ។","translated","src/js/host-polls.js","66"
"emptyAction","emptyAction","Create poll","បង្កើតការស្ទង់មតិ","translated","src/js/host-polls.js","67"
"errorTitle","errorTitle","Couldn't load polls","មិនអាចផ្ទុកការស្ទង់មតិបានទេ","translated","src/js/host-polls.js","68"
"errorMessage","errorMessage","Something went wrong while loading. Please try again.","មានបញ្ហាកើតឡើងពេលផ្ទុក។ សូមព្យាយាមម្ដងទៀត។","translated","src/js/host-polls.js","69"
"errorNetwork","errorNetwork","Network error. Please check your connection.","កំហុសបណ្ដាញ។ សូមពិនិត្យការតភ្ជាប់របស់អ្នក។","translated","src/js/host-polls.js","70"
"retry","retry","Try again","ព្យាយាមម្ដងទៀត","translated","src/js/host-polls.js","71"
"skeletonAriaLabel","skeletonAriaLabel","Loading polls","កំពុងផ្ទុកការស្ទង់មតិ","translated","src/js/host-polls.js","72"
"modalTitleCreate","modalTitleCreate","Create poll","បង្កើតការស្ទង់មតិ","translated","src/js/host-polls.js","74"
"modalTitleEdit","modalTitleEdit","Edit poll","កែប្រែការស្ទង់មតិ","translated","src/js/host-polls.js","75"
"questionLabel","questionLabel","Question","សំណួរ","translated","src/js/host-polls.js","76"
"questionPlaceholder","questionPlaceholder","e.g. Which date works best? Buffet or plated dinner?","ឧ. តើថ្ងៃណាសាកសម? បូហ្វេ ឬអាហារចាក់កែង?","translated","src/js/host-polls.js","77"
"optionsLabel","optionsLabel","Options (2–20)","ជម្រើស (២–២០)","translated","src/js/host-polls.js","78"
"optionLabel","optionLabel","Option","ជម្រើស","translated","src/js/host-polls.js","79"
"optionPlaceholder","optionPlaceholder","e.g. Saturday, Sunday, Either is fine","ឧ. ថ្ងៃសៅរ៍, ថ្ងៃអាទិត្យ, ថ្ងៃណាក៏បាន","translated","src/js/host-polls.js","80"
"addOption","addOption","+ Add option","+ បន្ថែមជម្រើស","translated","src/js/host-polls.js","81"
"removeOption","removeOption","Remove","យកចេញ","translated","src/js/host-polls.js","82"
"settingsLabel","settingsLabel","Settings","ការកំណត់","translated","src/js/host-polls.js","83"
"multiSelectLabel","multiSelectLabel","Allow multiple selections","អនុញ្ញាតឱ្យជ្រើសច្រើន","translated","src/js/host-polls.js","84"
"multiSelectHint","multiSelectHint","Guests can pick more than one option","ភ្ញៀវអាចជ្រើសច្រើនជាងមួយជម្រើស","translated","src/js/host-polls.js","85"
"visibilityLabel","visibilityLabel","Results visibility","ការមើលឃើញលទ្ធផល","translated","src/js/host-polls.js","86"
"visibilityLive","visibilityLive","Live — show counts as votes come in","ផ្ទាល់ — បង្ហាញចំនួនពេលភ្ញៀវបោះឆ្នោត","translated","src/js/host-polls.js","87"
"visibilityHidden","visibilityHidden","Hidden — reveal only after the poll closes","លាក់ — បង្ហាញតែពេលការស្ទង់មតិបិទ","translated","src/js/host-polls.js","88"
"deadlineLabel","deadlineLabel","Deadline (optional)","កាលបរិច្ឆេទកំណត់ (ស្រេចចិត្ត)","translated","src/js/host-polls.js","89"
"deadlineHint","deadlineHint","Closes the poll after this time","បិទការស្ទង់មតិបន្ទាប់ពីពេលនេះ","translated","src/js/host-polls.js","90"
"errQuestionRequired","errQuestionRequired","Please enter a question.","សូមបញ្ចូលសំណួរ។","translated","src/js/host-polls.js","92"
"errOptionsRange","errOptionsRange","A poll needs 2 to 20 options.","ការស្ទង់មតិត្រូវការជម្រើស ២ ដល់ ២០។","translated","src/js/host-polls.js","93"
"errOptionLabelRequired","errOptionLabelRequired","Every option needs a label.","ជម្រើសនីមួយៗត្រូវការស្លាក។","translated","src/js/host-polls.js","94"
"errSave","errSave","Could not save the poll. Please try again.","មិនអាចរក្សាទុកការស្ទង់មតិបានទេ។ សូមព្យាយាមម្ដងទៀត។","translated","src/js/host-polls.js","95"
"errDelete","errDelete","Could not delete the poll. Please try again.","មិនអាចលុបការស្ទង់មតិបានទេ។ សូមព្យាយាមម្ដងទៀត។","translated","src/js/host-polls.js","96"
"errClose","errClose","Could not close the poll. Please try again.","មិនអាចបិទការស្ទង់មតិបានទេ។ សូមព្យាយាមម្ដងទៀត។","translated","src/js/host-polls.js","97"
"errResults","errResults","Could not load results for this poll.","មិនអាចផ្ទុកលទ្ធផលសម្រាប់ការស្ទង់មតិនេះបានទេ។","translated","src/js/host-polls.js","98"
"confirmDelete","confirmDelete","Delete this poll? Existing votes will be hidden from guests.","លុបការស្ទង់មតិនេះ? ការបោះឆ្នោតដែលមានស្រាប់នឹងត្រូវលាក់ពីភ្ញៀវ។","translated","src/js/host-polls.js","99"
"confirmClose","confirmClose","Close this poll now? Guests will no longer be able to vote.","បិទការស្ទង់មតិនេះឥឡូវនេះ? ភ្ញៀវនឹងមិនអាចបោះឆ្នោតបានទៀតទេ។","translated","src/js/host-polls.js","100"
"saved","saved","Poll saved.","បានរក្សាទុកការស្ទង់មតិ។","translated","src/js/host-polls.js","102"
"deleted","deleted","Poll deleted.","ការស្ទង់មតិបានលុប។","translated","src/js/host-polls.js","103"
"closed","closed","Poll closed.","ការស្ទង់មតិបានបិទ។","translated","src/js/host-polls.js","104"
"statusOpen","statusOpen","Open","បើក","translated","src/js/host-polls.js","106"
"statusClosed","statusClosed","Closed","បិតហើយ","translated","src/js/host-polls.js","107"
"visibilityBadgeLive","visibilityBadgeLive","Live","ផ្ទាល់","translated","src/js/host-polls.js","108"
"visibilityBadgeHidden","visibilityBadgeHidden","Hidden","លាក់","translated","src/js/host-polls.js","109"
"multiBadge","multiBadge","Multi","ច្រើន","translated","src/js/host-polls.js","110"
"singleBadge","singleBadge","Single","មួយ","translated","src/js/host-polls.js","111"
"votesCount","votesCount","votes","សន្លឹកឆ្នោត","translated","src/js/host-polls.js","112"
"optionsCount","optionsCount","options","ជម្រើស","translated","src/js/host-polls.js","113"
"deadlineLabel2","deadlineLabel2","Deadline","កាលបរិច្ឆេទកំណត់","translated","src/js/host-polls.js","114"
"noDeadline","noDeadline","No deadline","មិនមានកាលបរិច្ឆេទកំណត់","translated","src/js/host-polls.js","115"
"closedHint","closedHint","Closed — voting disabled","បិទ — បិទការបោះឆ្នោត","translated","src/js/host-polls.js","116"
"noVotes","noVotes","No votes yet.","មិនទាន់មានការបោះឆ្នោតនៅឡើយ។","translated","src/js/host-polls.js","117"
"voterName","voterName","Voter","អ្នកបោះឆ្នោត","translated","src/js/host-polls.js","118"
"voterEmail","voterEmail","Email","អ៊ីមែល","translated","src/js/host-polls.js","119"
"voterChoice","voterChoice","Voted for","បានបោះឆ្នោតឱ្យ","translated","src/js/host-polls.js","120"
"voterWhen","voterWhen","Voted at","បោះឆ្នោតនៅ","translated","src/js/host-polls.js","121"
"voterAnonymous","voterAnonymous","Anonymous","អនាមិក","translated","src/js/host-polls.js","122"
"totalVotesLabel","totalVotesLabel","Total votes","សន្លឹកឆ្នោតសរុប","translated","src/js/host-polls.js","123"
"panelTitle","panelTitle","Sign-up sheets","តារាងចុះឈ្មោះ","translated","src/js/host-signup-sheets.js","36"
"panelIntro","panelIntro","Create sign-up sheets so guests can claim items or time slots. Guests see the same sheets on the live invitation page.","បង្កើតតារាងចុះឈ្មោះ ដូច្នេះភ្ញៀវអាចចុះឈ្មោះធាតុ ឬទីតាំងពេលវេលា។ ភ្ញៀវឃើញតារាងដដែលនៅលើទំព័រការអញ្ជើញផ្ទាល់។","translated","src/js/host-signup-sheets.js","37"
"create","create","Create sheet","បង្កើតតារាង","translated","src/js/host-signup-sheets.js","41"
"edit","edit","Edit","កែប្រែ","translated","src/js/host-signup-sheets.js","42"
"delete","delete","Delete","លុប","translated","src/js/host-signup-sheets.js","43"
"cancel","cancel","Cancel","បោះបង់","translated","src/js/host-signup-sheets.js","44"
"save","save","Save","រក្សាទុក","translated","src/js/host-signup-sheets.js","45"
"viewClaims","viewClaims","View claims","មើលការចុះឈ្មោះ","translated","src/js/host-signup-sheets.js","46"
"hideClaims","hideClaims","Hide claims","លាក់ការចុះឈ្មោះ","translated","src/js/host-signup-sheets.js","47"
"loading","loading","Loading sign-up sheets…","កំពុងផ្ទុកតារាងចុះឈ្មោះ…","translated","src/js/host-signup-sheets.js","48"
"empty","empty","No sign-up sheets yet. Create one to let guests claim items or slots.","មិនទាន់មានតារាងចុះឈ្មោះនៅឡើយ។ បង្កើតមួយដើម្បីឱ្យភ្ញៀវអាចចុះឈ្មោះធាតុ ឬទីតាំង។","translated","src/js/host-signup-sheets.js","49"
"error","error","Could not load sign-up sheets. Please try again.","មិនអាចផ្ទុកតារាងចុះឈ្មោះបានទេ។ សូមព្យាយាមម្ដងទៀត។","translated","src/js/host-signup-sheets.js","50"
"noInvitation","noInvitation","Select an invitation first to manage its sign-up sheets.","សូមជ្រើសការអញ្ជើញជាមុនសិនដើម្បីគ្រប់គ្រងតារាងចុះឈ្មោះរបស់វា។","translated","src/js/host-signup-sheets.js","51"
"emptyTitle","emptyTitle","No sign-up sheets yet","មិនទាន់មានសន្លឹកចុះឈ្មោះទេ","translated","src/js/host-signup-sheets.js","53"
"emptyMessage","emptyMessage","Create a sheet to let guests claim items or slots.","បង្កើតសន្លឹកដើម្បីឱ្យភ្ញៀវចុះឈ្មោះធាតុ ឬឈរ។","translated","src/js/host-signup-sheets.js","54"
"emptyAction","emptyAction","Create sheet","បង្កើតសន្លឹក","translated","src/js/host-signup-sheets.js","55"
"errorTitle","errorTitle","Couldn't load sign-up sheets","មិនអាចផ្ទុកសន្លឹកចុះឈ្មោះបានទេ","translated","src/js/host-signup-sheets.js","56"
"errorMessage","errorMessage","Something went wrong while loading. Please try again.","មានបញ្ហាកើតឡើងពេលផ្ទុក។ សូមព្យាយាមម្ដងទៀត។","translated","src/js/host-signup-sheets.js","57"
"errorNetwork","errorNetwork","Network error. Please check your connection.","កំហុសបណ្ដាញ។ សូមពិនិត្យការតភ្ជាប់របស់អ្នក។","translated","src/js/host-signup-sheets.js","58"
"retry","retry","Try again","ព្យាយាមម្ដងទៀត","translated","src/js/host-signup-sheets.js","59"
"skeletonAriaLabel","skeletonAriaLabel","Loading sign-up sheets","កំពុងផ្ទុកសន្លឹកចុះឈ្មោះ","translated","src/js/host-signup-sheets.js","60"
"modalTitleCreate","modalTitleCreate","Create sign-up sheet","បង្កើតតារាងចុះឈ្មោះ","translated","src/js/host-signup-sheets.js","62"
"modalTitleEdit","modalTitleEdit","Edit sign-up sheet","កែប្រែតារាងចុះឈ្មោះ","translated","src/js/host-signup-sheets.js","63"
"titleLabel","titleLabel","Title","ចំណងជើង","translated","src/js/host-signup-sheets.js","64"
"titlePlaceholder","titlePlaceholder","e.g. Potluck dishes, Bring-a-drink, Setup helpers","ឧ. ម្ហូបឆ្អិនរួមគ្នា, នាំយកភេសជ្ជៈ, ជួយរៀបចំ","translated","src/js/host-signup-sheets.js","65"
"descriptionLabel","descriptionLabel","Description (optional)","ការពិពណ៌នា (ស្រេចចិត្ត)","translated","src/js/host-signup-sheets.js","66"
"descriptionPlaceholder","descriptionPlaceholder","Shown to guests above the slot list","បង្ហាញដល់ភ្ញៀវពីលើបញ្ជីទីតាំង","translated","src/js/host-signup-sheets.js","67"
"typeLabel","typeLabel","Sheet type","ប្រភេទតារាង","translated","src/js/host-signup-sheets.js","68"
"typeItems","typeItems","Items (guests claim one of N items)","ធាតុ (ភ្ញៀវចុះឈ្មោះធាតុមួយក្នុងចំណោម N ធាតុ)","translated","src/js/host-signup-sheets.js","69"
"typeSlots","typeSlots","Slots (guests claim a time/role slot)","ទីតាំង (ភ្ញៀវចុះឈ្មោះទីតាំងពេលវេលា/តួនាទី)","translated","src/js/host-signup-sheets.js","70"
"slotsLabel","slotsLabel","Slots / items","ទីតាំង / ធាតុ","translated","src/js/host-signup-sheets.js","71"
"slotLabel","slotLabel","Label","ស្លាក","translated","src/js/host-signup-sheets.js","72"
"slotLabelPlaceholder","slotLabelPlaceholder","e.g. Appetizer, Drinks, Setup crew","ឧ. ប្រអប់អាហារ, ភេសជ្ជៈ, ក្រុមរៀបចំ","translated","src/js/host-signup-sheets.js","73"
"slotCapacity","slotCapacity","Capacity","សមត្ថភាព","translated","src/js/host-signup-sheets.js","74"
"slotCapacityHint","slotCapacityHint","0 = unlimited","0 = គ្មានដែនកំណត់","translated","src/js/host-signup-sheets.js","75"
"slotDeadline","slotDeadline","Slot deadline (optional)","កាលបរិច្ឆេទកំណត់ទីតាំង (ស្រេចចិត្ត)","translated","src/js/host-signup-sheets.js","76"
"addSlot","addSlot","+ Add slot","+ បន្ថែមទីតាំង","translated","src/js/host-signup-sheets.js","77"
"removeSlot","removeSlot","Remove","យកចេញ","translated","src/js/host-signup-sheets.js","78"
"deadlineLabel","deadlineLabel","Sheet-wide deadline (optional)","កាលបរិច្ឆេទកំណត់សរុប (ស្រេចចិត្ត)","translated","src/js/host-signup-sheets.js","79"
"sheetDeadlineHint","sheetDeadlineHint","Closes all slots after this time","បិទទីតាំងទាំងអស់បន្ទាប់ពីពេលនេះ","translated","src/js/host-signup-sheets.js","80"
"errTitleRequired","errTitleRequired","Please enter a title.","សូមបញ្ចូលចំណងជើង។","translated","src/js/host-signup-sheets.js","82"
"errSlotLabelRequired","errSlotLabelRequired","Every slot needs a label.","ទីតាំងនីមួយៗត្រូវការស្លាក។","translated","src/js/host-signup-sheets.js","83"
"errSave","errSave","Could not save the sheet. Please try again.","មិនអាចរក្សាទុកតារាងបានទេ។ សូមព្យាយាមម្ដងទៀត។","translated","src/js/host-signup-sheets.js","84"
"errDelete","errDelete","Could not delete the sheet. Please try again.","មិនអាចលុបតារាងបានទេ។ សូមព្យាយាមម្ដងទៀត។","translated","src/js/host-signup-sheets.js","85"
"errClaims","errClaims","Could not load claims for this sheet.","មិនអាចផ្ទុកការចុះឈ្មោះសម្រាប់តារាងនេះបានទេ។","translated","src/js/host-signup-sheets.js","86"
"confirmDelete","confirmDelete","Delete this sign-up sheet? Existing claims will be hidden from guests.","លុបតារាងចុះឈ្មោះនេះ? ការចុះឈ្មោះដែលមានស្រាប់នឹងត្រូវលាក់ពីភ្ញៀវ។","translated","src/js/host-signup-sheets.js","87"
"saved","saved","Saved.","បានរក្សាទុក។","translated","src/js/host-signup-sheets.js","88"
"deleted","deleted","Sheet deleted.","តារាងបានលុប។","translated","src/js/host-signup-sheets.js","89"
"typeBadgeItems","typeBadgeItems","Items","ធាតុ","translated","src/js/host-signup-sheets.js","91"
"typeBadgeSlots","typeBadgeSlots","Slots","ទីតាំង","translated","src/js/host-signup-sheets.js","92"
"slotsCount","slotsCount","slots","ទីតាំង","translated","src/js/host-signup-sheets.js","93"
"claimsCount","claimsCount","claims","ការចុះឈ្មោះ","translated","src/js/host-signup-sheets.js","94"
"deadlineLabel2","deadlineLabel2","Deadline","កាលបរិច្ឆេទកំណត់","translated","src/js/host-signup-sheets.js","95"
"noDeadline","noDeadline","No deadline","មិនមានកាលបរិច្ឆេទកំណត់","translated","src/js/host-signup-sheets.js","96"
"noClaims","noClaims","No claims yet.","មិនទាន់មានការចុះឈ្មោះនៅឡើយ។","translated","src/js/host-signup-sheets.js","97"
"claimName","claimName","Name","ឈ្មោះ","translated","src/js/host-signup-sheets.js","98"
"claimEmail","claimEmail","Email","អ៊ីមែល","translated","src/js/host-signup-sheets.js","99"
"claimQty","claimQty","Qty","ចំនួន","translated","src/js/host-signup-sheets.js","100"
"claimWhen","claimWhen","Claimed at","បានចុះឈ្មោះនៅ","translated","src/js/host-signup-sheets.js","101"
"badgeLabel","badgeLabel","Edited after sending","បានកែប្រែបន្ទាប់ពីផ្ញើ","translated","src/js/invitation-edit-history.js","27"
"badgeTitle","badgeTitle","The host updated this invitation after it was sent. Tap to view what changed.","ម្ចាស់កម្មវិធីបានកែប្រែការអញ្ជើញនេះបន្ទាប់ពីបានផ្ញើ។ ចុចដើម្បីមើលអ្វីដែលបានផ្លាស់ប្រែ។","translated","src/js/invitation-edit-history.js","28"
"historyTitle","historyTitle","Edit history","ប្រវត្តិកែប្រែ","translated","src/js/invitation-edit-history.js","32"
"historyIntro","historyIntro","Every change you made after the invitation was first sent is recorded here. Guests who already opened the invitation can be notified of the update.","ការផ្លាស់ប្រែណាមួយដែលអ្នកបានធ្វើបន្ទាប់ពីការអញ្ជើញត្រូវបានផ្ញើជាលើកដំបូងត្រូវបានកត់ត្រានៅទីនេះ។ ភ្ញៀវដែលបានបើកការអញ្ជើញរួចហើយអាចត្រូវបានជូនដំណឹងអំពីការផ្លាស់ប្រែ។","translated","src/js/invitation-edit-history.js","33"
"empty","empty","No edits have been made after sending yet.","មិនទាន់មានការកែប្រែណាមួយបន្ទាប់ពីផ្ញើនៅឡើយទេ។","translated","src/js/invitation-edit-history.js","37"
"resend","resend","Resend update notification","ផ្ញើការជូនដំណឹងបច្ចុប្បន្នភាពឡើងវិញ","translated","src/js/invitation-edit-history.js","38"
"resendDone","resendDone","Notification sent to {sent} guest(s).","បានផ្ញើការជូនដំណឹងទៅ {sent} ភ្ញៀវ។","translated","src/js/invitation-edit-history.js","39"
"resendFailed","resendFailed","Could not resend the notification. Please try again.","មិនអាចផ្ញើការជូនដំណឹងឡើងវិញបានទេ។ សូមព្យាយាមម្ដងទៀត។","translated","src/js/invitation-edit-history.js","43"
"diffAdded","diffAdded","Added","បានបន្ថែម","translated","src/js/invitation-edit-history.js","44"
"diffChanged","diffChanged","Changed","បានផ្លាស់ប្រែ","translated","src/js/invitation-edit-history.js","45"
"diffRemoved","diffRemoved","Removed","បានលុប","translated","src/js/invitation-edit-history.js","46"
"reason","reason","Reason","មូលហេតុ","translated","src/js/invitation-edit-history.js","47"
"versionLabel","versionLabel","Version","កំណែ","translated","src/js/invitation-edit-history.js","48"
"loading","loading","Loading edit history…","កំពុងផ្ទុកប្រវត្តិកែប្រែ…","translated","src/js/invitation-edit-history.js","49"
"error","error","Could not load edit history.","មិនអាចផ្ទុកប្រវត្តិកែប្រែបានទេ។","translated","src/js/invitation-edit-history.js","50"
"langText()","langText","diffRemoved","en","translated","src/js/invitation-edit-history.js","177"
"langText()","langText","diffRemoved","en","translated","src/js/invitation-edit-history.js","178"
"langText()","langText","reason","en","translated","src/js/invitation-edit-history.js","187"
"b()","b","materials","សម្ភារែ","translated","src/js/materials.js","13"
"b()","b","stored","បានរក្សាទុក","translated","src/js/materials.js","13"
"_txt()","_txt","favorite","ចំណាប់ចិត្ត","translated","src/js/materials.js","13"
"b()","b","shown","បានបង្ហើញ","translated","src/js/materials.js","13"
"b()","b","No matching materials","No matching materials","fallback","src/js/materials.js","13"
"b()","b","Upload a file or change your filters.","Upload a file or change your filters.","fallback","src/js/materials.js","13"
"b()","b","Folder:","ថត:","translated","src/js/materials.js","13"
"b()","b","No folder","No folder","fallback","src/js/materials.js","13"
"b()","b","Open","បើក","translated","src/js/materials.js","13"
"b()","b","Edit","កែសម្រួល","translated","src/js/materials.js","13"
"_txt()","_txt","Cancel upload","Cancel upload","fallback","src/js/materials.js","31"
"_html()","_html","System","System","fallback","src/js/monitoring.js","32"
"_html()","_html","Uptime","Uptime","fallback","src/js/monitoring.js","48"
"_html()","_html","Users","អ្នកប្រើ","translated","src/js/monitoring.js","49"
"_html()","_html","Invitations","ការអញ្ជើញ","translated","src/js/monitoring.js","50"
"_html()","_html","Publications","Publications","fallback","src/js/monitoring.js","51"
"_html()","_html","RSVPs","RSVPs","fallback","src/js/monitoring.js","52"
"_html()","_html","Assets","Assets","fallback","src/js/monitoring.js","53"
"_html()","_html","Material storage","Material storage","fallback","src/js/monitoring.js","54"
"_html()","_html","API","API","fallback","src/js/monitoring.js","58"
"_html()","_html","Healthy","Healthy","fallback","src/js/monitoring.js","58"
"_html()","_html","Database","Database","fallback","src/js/monitoring.js","59"
"_html()","_html","Asset storage","Asset storage","fallback","src/js/monitoring.js","60"
"_html()","_html","Redis rate limiting","Redis rate limiting","fallback","src/js/monitoring.js","61"
"_html()","_html","Connected","Connected","fallback","src/js/monitoring.js","61"
"_html()","_html","In-memory fallback","In-memory fallback","fallback","src/js/monitoring.js","61"
"_html()","_html","AI provider","AI provider","fallback","src/js/monitoring.js","62"
"_html()","_html","Configured","Configured","fallback","src/js/monitoring.js","62"
"_html()","_html","Local assistant","Local assistant","fallback","src/js/monitoring.js","62"
"_html()","_html","SMTP","SMTP","fallback","src/js/monitoring.js","63"
"_html()","_html","Configured","Configured","fallback","src/js/monitoring.js","63"
"_html()","_html","Not configured","Not configured","fallback","src/js/monitoring.js","63"
"_html()","_html","Billing webhook","Billing webhook","fallback","src/js/monitoring.js","64"
"_html()","_html","Configured","Configured","fallback","src/js/monitoring.js","64"
"_html()","_html","Not configured","Not configured","fallback","src/js/monitoring.js","64"
"_html()","_html","System","System","fallback","src/js/monitoring.js","80"
"title","title","Administration","ការគ្រប់គ្រង","translated","src/js/pages/admin/admin.js","15"
"loading","loading","Loading…","កំពុងផ្ទុក…","translated","src/js/pages/admin/admin.js","15"
"noData","noData","No data yet.","មិនមានទិន្នន័យនៅឡើយ។","translated","src/js/pages/admin/admin.js","15"
"masked","masked","masked","បិទបាំង","translated","src/js/pages/admin/admin.js","15"
"polling","polling","Polling every 30s","ធ្វើបច្ចុប្បន្នភាពរៀងរាល់ ៣០ វិនាទី","translated","src/js/pages/admin/admin.js","15"
"suspended","suspended","Suspended","បានផ្អាក","translated","src/js/pages/admin/admin.js","15"
"active","active","Active","សកម្ម","translated","src/js/pages/admin/admin.js","15"
"notAvailable","notAvailable","n/a","គ្មាន","translated","src/js/pages/admin/admin.js","15"
"refresh","refresh","Refresh now","ធ្វើបច្ចុប្បន្នភាព","translated","src/js/pages/admin/admin.js","15"
"error","error","Failed to load admin data","បរាជ័យក្នុងការផ្ទុកទិន្នន័យអ្នកគ្រប់គ្រង","translated","src/js/pages/admin/admin.js","15"
"unauthorized","unauthorized","Administrator access required","ត្រូវការសិទ្ធិអ្នកគ្រប់គ្រង","translated","src/js/pages/admin/admin.js","15"
"title","title","Audit log","កំណត់ហេតុសវនកម្ម","translated","src/js/pages/admin/audit-log.js","10"
"search","search","Filter by user, action, target","តម្រងតាមអ្នកប្រើ សកម្មភាព គោលដៅ","translated","src/js/pages/admin/audit-log.js","10"
"user","user","User","អ្នកប្រើ","translated","src/js/pages/admin/audit-log.js","10"
"action","action","Action","សកម្មភាព","translated","src/js/pages/admin/audit-log.js","10"
"targetType","targetType","Target type","ប្រភេទគោលដៅ","translated","src/js/pages/admin/audit-log.js","10"
"targetId","targetId","Target id","លេខសម្គាល់គោលដៅ","translated","src/js/pages/admin/audit-log.js","10"
"ip","ip","IP","IP","fallback","src/js/pages/admin/audit-log.js","10"
"adminOnly","adminOnly","Admin only","អ្នកគ្រប់គ្រងប៉ុណ្ណោះ","translated","src/js/pages/admin/audit-log.js","10"
"since","since","Since (ms)","ចាប់ពី (ms)","translated","src/js/pages/admin/audit-log.js","10"
"until","until","Until (ms)","រហូតដល់ (ms)","translated","src/js/pages/admin/audit-log.js","10"
"exportCsv","exportCsv","Export CSV","នាំចេញ CSV","translated","src/js/pages/admin/audit-log.js","10"
"loadMore","loadMore","Load more","ផ្ទុកបន្ថែម","translated","src/js/pages/admin/audit-log.js","10"
"noEvents","noEvents","No audit events match the filters.","មិនមានព្រឹត្តិការណ៍សវនកម្មត្រូវគ្នាទេ។","translated","src/js/pages/admin/audit-log.js","10"
"timestamp","timestamp","Timestamp","ពេលវេលា","translated","src/js/pages/admin/audit-log.js","10"
"metadata","metadata","Metadata","ទិន្នន័យមេតា","translated","src/js/pages/admin/audit-log.js","10"
"expand","expand","Expand","ពង្រីក","translated","src/js/pages/admin/audit-log.js","10"
"immutable","immutable","The audit log is immutable — this view is read-only.","កំណត់ហេតុសវនកម្មមិនអាចកែប្រែបាន — ទិដ្ឋភាពនេះគ្រាន់តែអាន។","translated","src/js/pages/admin/audit-log.js","10"
"title","title","Bulk operations","ប្រតិបត្តិការច្រើន","translated","src/js/pages/admin/bulk-operations.js","12"
"danger","danger","These actions are irreversible. Each operation runs as a background job.","សកម្មភាពទាំងនេះមិនអាចបញ្ច្រាសបានទេ។ ប្រតិបត្តិការនីមួយៗដំណើរការជាការងារផ្ទៃខាងក្រោយ។","translated","src/js/pages/admin/bulk-operations.js","12"
"confirm","confirm","Type CONFIRM to proceed","វាយ CONFIRM ដើម្បីបន្ត","translated","src/js/pages/admin/bulk-operations.js","12"
"cancel","cancel","Cancel","បោះបង់","translated","src/js/pages/admin/bulk-operations.js","12"
"run","run","Run","ដំណើរការ","translated","src/js/pages/admin/bulk-operations.js","12"
"bulkEmail","bulkEmail","Bulk email","អ៊ីមែលច្រើន","translated","src/js/pages/admin/bulk-operations.js","12"
"bulkSuspend","bulkSuspend","Bulk suspend","ផ្អាកច្រើន","translated","src/js/pages/admin/bulk-operations.js","12"
"bulkExport","bulkExport","Bulk export","នាំចេញច្រើន","translated","src/js/pages/admin/bulk-operations.js","12"
"bulkPrune","bulkPrune","Bulk prune","កាត់ច្រើន","translated","src/js/pages/admin/bulk-operations.js","12"
"subject","subject","Subject","ប្រធានបទ","translated","src/js/pages/admin/bulk-operations.js","12"
"body","body","Body","ខ្លឹងសារ","translated","src/js/pages/admin/bulk-operations.js","12"
"userIds","userIds","User IDs (comma-separated)","លេខសម្គាល់អ្នកប្រើ (ផ្ដាច់ដោយក្បៀស)","translated","src/js/pages/admin/bulk-operations.js","12"
"reason","reason","Reason","មូលហេតុ","translated","src/js/pages/admin/bulk-operations.js","12"
"what","what","What","អ្វី","translated","src/js/pages/admin/bulk-operations.js","12"
"format","format","Format","ទម្រង់","translated","src/js/pages/admin/bulk-operations.js","12"
"days","days","Days","ថ្ងៃ","translated","src/js/pages/admin/bulk-operations.js","12"
"jobStarted","jobStarted","Job started","ការងារបានចាប់ផ្ដើម","translated","src/js/pages/admin/bulk-operations.js","12"
"jobId","jobId","Job id","លេខសម្គាល់ការងារ","translated","src/js/pages/admin/bulk-operations.js","12"
"status","status","Status","ស្ថានភាព","translated","src/js/pages/admin/bulk-operations.js","12"
"refresh","refresh","Refresh jobs","ធ្វើបច្ចុប្បន្នភាព","translated","src/js/pages/admin/bulk-operations.js","12"
"requireSuperAdmin","requireSuperAdmin","Super-admin access required.","ត្រូវការ super-admin។","translated","src/js/pages/admin/bulk-operations.js","12"
"jobsTrackedBelow","jobsTrackedBelow","Recently enqueued jobs are listed below; use the job id to track progress.","ការងារដែលបានដាក់បញ្ជូនថ្មីៗបង្ហាញខាងក្រោម; ប្រើលេខសម្គាល់ការងារដើម្បីតាមដាន។","translated","src/js/pages/admin/bulk-operations.js","12"
"title","title","Feature flags","ទងជម្រើសមុខងារ","translated","src/js/pages/admin/feature-flags.js","11"
"description","description","Toggle platform features on or off. Changes take effect immediately — no restart required.","បិទ/បើកមុខងារ។ ការផ្លាស់ប្ដូរមានប្រសិទ្ធភាពភ្លាមៗ — មិនចាំបាច់រេស្តាតឡើងវិញ។","translated","src/js/pages/admin/feature-flags.js","11"
"save","save","Save","រក្សាទុក","translated","src/js/pages/admin/feature-flags.js","11"
"on","on","On","បើក","translated","src/js/pages/admin/feature-flags.js","11"
"off","off","Off","បិទ","translated","src/js/pages/admin/feature-flags.js","11"
"updatedAt","updatedAt","Updated","បានធ្វើបច្ចុប្គន្នភាព","translated","src/js/pages/admin/feature-flags.js","11"
"updatedBy","updatedBy","by","ដោយ","translated","src/js/pages/admin/feature-flags.js","11"
"flag","flag","Flag","Flag","fallback","src/js/pages/admin/feature-flags.js","11"
"noFlags","noFlags","No flags defined.","No flags defined.","fallback","src/js/pages/admin/feature-flags.js","11"
"tier","tier","Tier","Tier","fallback","src/js/pages/admin/feature-flags.js","11"
"confirmSave","confirmSave","Save this flag value?","Save this flag value?","fallback","src/js/pages/admin/feature-flags.js","11"
"requireSuperAdmin","requireSuperAdmin","Super-admin access required to modify flags.","Super-admin access required to modify flags.","fallback","src/js/pages/admin/feature-flags.js","11"
"sessionPolicyTitle","sessionPolicyTitle","Non-admin session idle window","Non-admin session idle window","fallback","src/js/pages/admin/feature-flags.js","11"
"sessionPolicyDesc","sessionPolicyDesc","How long a non-admin session may sit idle before it expires. Changing this affects all non-admin users.","How long a non-admin session may sit idle before it expires. Changing this affects all non-admin users.","fallback","src/js/pages/admin/feature-flags.js","11"
"sessionPolicyLabel","sessionPolicyLabel","Idle window (days)","Idle window (days)","fallback","src/js/pages/admin/feature-flags.js","11"
"sessionPolicySave","sessionPolicySave","Save idle window","Save idle window","fallback","src/js/pages/admin/feature-flags.js","11"
"sessionPolicyConfirm","sessionPolicyConfirm","Change the non-admin session idle window to {days} days?","Change the non-admin session idle window to {days} days?","fallback","src/js/pages/admin/feature-flags.js","11"
"sessionPolicySaved","sessionPolicySaved","Idle window updated to {days} days.","Idle window updated to {days} days.","fallback","src/js/pages/admin/feature-flags.js","11"
"sessionPolicyError","sessionPolicyError","Failed to update idle window: {error}","Failed to update idle window: {error}","fallback","src/js/pages/admin/feature-flags.js","11"
"title","title","Impersonation","ការសាកល្បងក្នុងនាម","translated","src/js/pages/admin/impersonate.js","11"
"description","description","Start an impersonation session as another user. The session expires after 30 minutes and every action is audit-logged.","ចាប់ផ្ដើមសessianក្នុងនាមអ្នកប្រើផ្សេងទៀត។ សessianនឹងផុតកំណត់បន្ទាប់ពី ៣០ នាទី ហើយសកម្មភាពនីមួយៗត្រូវបានកត់ត្រាសវនកម្ម។","translated","src/js/pages/admin/impersonate.js","11"
"userId","userId","User id to impersonate","លេខសម្គាល់អ្នកប្រើដែលត្រូវសាកល្បង","translated","src/js/pages/admin/impersonate.js","11"
"start","start","Start impersonation","ចាប់ផ្ដើម","translated","src/js/pages/admin/impersonate.js","11"
"stop","stop","Stop impersonation","បញ្ឈប់","translated","src/js/pages/admin/impersonate.js","11"
"confirmStart","confirmStart","Start impersonation session? You will be logged in as this user for 30 minutes. Every action will be audit-logged.","ចាប់ផ្ដើមសessian? អ្នកនឹងត្រូវបានឡុកអិនក្នុងនាមអ្នកប្រើនេះរយៈពេល ៣០ នាទី។","translated","src/js/pages/admin/impersonate.js","11"
"notActive","notActive","No active impersonation session.","មិនមានសessianសកម្មទេ។","translated","src/js/pages/admin/impersonate.js","11"
"requireSuperAdmin","requireSuperAdmin","Super-admin access required.","ត្រូវការ super-admin។","translated","src/js/pages/admin/impersonate.js","11"
"current","current","Current session","សessianបច្ចុប្បន្ន","translated","src/js/pages/admin/impersonate.js","11"
"adminOriginId","adminOriginId","Original admin id","លេខសម្គាល់អ្នកគ្រប់គ្រងដើម","translated","src/js/pages/admin/impersonate.js","11"
"title","title","Invitations","ការអញ្ជើញ","translated","src/js/pages/admin/invitations.js","10"
"search","search","Search by slug or owner email","ស្វែងរកតាម slug ឬអ៊ីមែលម្ចាស់","translated","src/js/pages/admin/invitations.js","10"
"preview","preview","Preview","មើល","translated","src/js/pages/admin/invitations.js","10"
"unpublish","unpublish","Unpublish","ឈប់ផ្សាយ","translated","src/js/pages/admin/invitations.js","10"
"flag","flag","Flag","សម្គាល់","translated","src/js/pages/admin/invitations.js","10"
"transfer","transfer","Transfer","ផ្ទេរម្ចាស់","translated","src/js/pages/admin/invitations.js","10"
"confirmUnpublish","confirmUnpublish","Unpublish this invitation? The owner will be notified by email.","ឈប់ផ្សាយការអញ្ជើញនេះ? ម្ចាស់នឹងត្រូវបានជូនដំណឹងតាមអ៊ីមែល។","translated","src/js/pages/admin/invitations.js","10"
"confirmFlag","confirmFlag","Flag this invitation for review? Add a reason.","សម្គាល់ការអញ្ជើញនេះសម្រាប់ពិនិត្យ? បន្ថែមមូលហេតុ។","translated","src/js/pages/admin/invitations.js","10"
"flagReason","flagReason","Reason for flagging","មូលហេតុនៃការសម្គាល់","translated","src/js/pages/admin/invitations.js","10"
"transferPrompt","transferPrompt","Enter the new owner user id:","បញ្ចូលលេខសម្គាល់អ្នកប្រើម្ចាស់ថ្មី៖","translated","src/js/pages/admin/invitations.js","10"
"noInvitations","noInvitations","No invitations found.","រកមិនឃើញការអញ្ជើញ។","translated","src/js/pages/admin/invitations.js","10"
"slug","slug","Slug","Slug","fallback","src/js/pages/admin/invitations.js","10"
"owner","owner","Owner","ម្ចាស់","translated","src/js/pages/admin/invitations.js","10"
"created","created","Created","បង្កើត","translated","src/js/pages/admin/invitations.js","10"
"published","published","Published","ផ្សាយ","translated","src/js/pages/admin/invitations.js","10"
"views","views","Views","មើល","translated","src/js/pages/admin/invitations.js","10"
"rsvps","rsvps","RSVPs","RSVPs","fallback","src/js/pages/admin/invitations.js","10"
"status","status","Status","ស្ថានភាព","translated","src/js/pages/admin/invitations.js","10"
"actions","actions","Actions","សកម្មភាព","translated","src/js/pages/admin/invitations.js","10"
"title","title","Reports queue","ជួររាយការណ៍","translated","src/js/pages/admin/reports.js","10"
"description","description","Users can report abusive invitations or users. Resolve each report with an audit-logged action.","អ្នកប្រើអាចរាយការណ៍អំពីការអញ្ជើញឬអ្នកប្រើបំពាន។ ដោះស្រាយរាយការណ៍នីមួយៗជាមួយសកម្មភាពដែលបានកត់ត្រាសវនកម្ម។","translated","src/js/pages/admin/reports.js","10"
"noReports","noReports","No reports in this view.","មិនមានរាយការណ៍ក្នុងទិដ្ឋភាពនេះ។","translated","src/js/pages/admin/reports.js","10"
"reporterId","reporterId","Reporter","អ្នករាយការណ៍","translated","src/js/pages/admin/reports.js","10"
"target","target","Target","គោលដៅ","translated","src/js/pages/admin/reports.js","10"
"reason","reason","Reason","មូលហេតុ","translated","src/js/pages/admin/reports.js","10"
"body","body","Body","ខ្លឹងសារ","translated","src/js/pages/admin/reports.js","10"
"status","status","Status","ស្ថានភាព","translated","src/js/pages/admin/reports.js","10"
"createdAt","createdAt","Created","បង្កើត","translated","src/js/pages/admin/reports.js","10"
"resolve","resolve","Resolve","ដោះស្រាយ","translated","src/js/pages/admin/reports.js","10"
"resolutionNote","resolutionNote","Resolution note","កំណត់ត្រាដោះស្រាយ","translated","src/js/pages/admin/reports.js","10"
"statusOpen","statusOpen","open","បើក","translated","src/js/pages/admin/reports.js","10"
"statusInvestigating","statusInvestigating","investigating","កំពុងពិនិត្យ","translated","src/js/pages/admin/reports.js","10"
"statusActioned","statusActioned","resolved (actioned)","ដោះស្រាយ (បានអនុវត្ត)","translated","src/js/pages/admin/reports.js","10"
"statusNoAction","statusNoAction","resolved (no action)","ដោះស្រាយ (មិនអនុវត្ត)","translated","src/js/pages/admin/reports.js","10"
"statusDuplicate","statusDuplicate","duplicate","ស្ទួន","translated","src/js/pages/admin/reports.js","10"
"loadMore","loadMore","Load more","ផ្ទុកបន្ថែម","translated","src/js/pages/admin/reports.js","10"
"submitTestReport","submitTestReport","Submit a test report","ដាក់ស្នើរាយការណ៍សាកល្បង","translated","src/js/pages/admin/reports.js","10"
"targetTypeInvitation","targetTypeInvitation","invitation","ការអញ្ជើញ","translated","src/js/pages/admin/reports.js","10"
"targetTypeUser","targetTypeUser","user","អ្នកប្រើ","translated","src/js/pages/admin/reports.js","10"
"reasonSpam","reasonSpam","spam","ស្ពាម","translated","src/js/pages/admin/reports.js","10"
"reasonHarassment","reasonHarassment","harassment","ការបំពាន","translated","src/js/pages/admin/reports.js","10"
"reasonImpersonation","reasonImpersonation","impersonation","ការបន្លំ","translated","src/js/pages/admin/reports.js","10"
"reasonIllegal","reasonIllegal","illegal content","មាតិកាមិនស្របច្បាប់","translated","src/js/pages/admin/reports.js","10"
"reasonOther","reasonOther","other","ផ្សេងទៀត","translated","src/js/pages/admin/reports.js","10"
"targetId","targetId","Target id","លេខសម្គាល់គោលដៅ","translated","src/js/pages/admin/reports.js","10"
"title","title","System health","សុខភាពប្រព័ន្ធ","translated","src/js/pages/admin/system-health.js","10"
"refresh","refresh","Refresh","ធ្វើបច្ចុប្បន្នភាព","translated","src/js/pages/admin/system-health.js","10"
"cached","cached","60s cache — values may be up to 60s old","ឃ្លាំងសម្ងាត់ ៦០ វិ — តម្លៃអាចចាស់រហូតដល់ ៦០ វិ","translated","src/js/pages/admin/system-health.js","10"
"ok","ok","OK","ល្អ","translated","src/js/pages/admin/system-health.js","10"
"fail","fail","FAIL","បរាជ័យ","translated","src/js/pages/admin/system-health.js","10"
"warn","warn","WARN","ព្រមាន","translated","src/js/pages/admin/system-health.js","10"
"howToFix","howToFix","How to fix","របៀបជួសជុល","translated","src/js/pages/admin/system-health.js","10"
"subsystem","subsystem","Subsystem","ប្រព័ន្ធរង","translated","src/js/pages/admin/system-health.js","10"
"detail","detail","Detail","លម្អិត","translated","src/js/pages/admin/system-health.js","10"
"uptime","uptime","Uptime","ពេលវេលាដំណើរការ","translated","src/js/pages/admin/system-health.js","10"
"computedAt","computedAt","Computed at","គណនានៅ","translated","src/js/pages/admin/system-health.js","10"
"loadFailed","loadFailed","Failed to load health detail","បរាជ័យក្នុងការផ្ទុកសុខភាពលម្អិត","translated","src/js/pages/admin/system-health.js","10"
"title","title","Users","អ្នកប្រើ","translated","src/js/pages/admin/users.js","10"
"search","search","Search by email, role, or plan","ស្វែងរកតាមអ៊ីមែល តួនាទី ឬគម្រោង","translated","src/js/pages/admin/users.js","10"
"prev","prev","Previous","មុន","translated","src/js/pages/admin/users.js","10"
"next","next","Next","បន្ទាប់","translated","src/js/pages/admin/users.js","10"
"suspend","suspend","Suspend","ផ្អាក","translated","src/js/pages/admin/users.js","10"
"unsuspend","unsuspend","Unsuspend","ឈប់ផ្អាក","translated","src/js/pages/admin/users.js","10"
"resetPw","resetPw","Reset password","កំណត់ពាក្យសម្ងាត់ឡើងវិញ","translated","src/js/pages/admin/users.js","10"
"forceMfa","forceMfa","Force MFA","បង្ខំ MFA","translated","src/js/pages/admin/users.js","10"
"impersonate","impersonate","Impersonate","សាកល្បងក្នុងនាម","translated","src/js/pages/admin/users.js","10"
"confirmSuspend","confirmSuspend","Suspend this user? Active sessions will be invalidated.","ផ្អាកអ្នកប្រើនេះ? សessianសកម្មនឹងត្រូវបោះបង់។","translated","src/js/pages/admin/users.js","10"
"confirmResetPw","confirmResetPw","Send a password-reset email to this user?","ផ្ញើអ៊ីមែលកំណត់ពាក្យសម្ងាត់ឡើងវិញទៅអ្នកប្រើនេះ?","translated","src/js/pages/admin/users.js","10"
"confirmForceMfa","confirmForceMfa","Force this user to re-enroll MFA on next login?","បង្ខំអ្នកប្រើនេះឱ្យចុះឈ្មោះ MFA ឡើងវិញនៅពេលឡុកអិន下一次?","translated","src/js/pages/admin/users.js","10"
"confirmImpersonate","confirmImpersonate","Start an impersonation session as this user? You will be logged in as them for 30 minutes.","ចាប់ផ្ដើមសessianសាកល្បងក្នុងនាមអ្នកប្រើនេះ? អ្នកនឹងត្រូវបានឡុកអិនក្នុងនាមពួកគេរយៈពេល ៣០ នាទី។","translated","src/js/pages/admin/users.js","10"
"suspendReason","suspendReason","Reason","មូលហេតុ","translated","src/js/pages/admin/users.js","10"
"noUsers","noUsers","No users found.","រកមិនឃើញអ្នកប្រើ។","translated","src/js/pages/admin/users.js","10"
"role","role","Role","តួនាទី","translated","src/js/pages/admin/users.js","10"
"plan","plan","Plan","គម្រោង","translated","src/js/pages/admin/users.js","10"
"created","created","Created","បង្កើត","translated","src/js/pages/admin/users.js","10"
"lastActive","lastActive","Last active","សកម្មចុងក្រោយ","translated","src/js/pages/admin/users.js","10"
"invitations","invitations","Invitations","ការអញ្ជើញ","translated","src/js/pages/admin/users.js","10"
"status","status","Status","ស្ថានភាព","translated","src/js/pages/admin/users.js","10"
"actions","actions","Actions","សកម្មភាព","translated","src/js/pages/admin/users.js","10"
"tipStepUp","tipStepUp","Super-admin (step-up) required","ត្រូវការ super-admin (step-up)","translated","src/js/pages/admin/users.js","10"
"title","title","Active sessions","សម័យការសកម្ម","translated","src/js/pages/auth/sessions.js","22"
"subtitle","subtitle","Devices currently signed into your account. Revoke any you don't recognize.","ឧបករណ៍ដែលបានចូលគណនីរបស់អ្នក។ ដកសម័យការណាមួយដែលអ្នកមិនស្គាល់។","translated","src/js/pages/auth/sessions.js","22"
"currentBadge","currentBadge","Current","បច្ចុប្បន្ន","translated","src/js/pages/auth/sessions.js","22"
"deviceColumn","deviceColumn","Device","ឧបករណ៍","translated","src/js/pages/auth/sessions.js","22"
"ipColumn","ipColumn","IP address","អាសយដ្ឋាន IP","translated","src/js/pages/auth/sessions.js","22"
"lastActiveColumn","lastActiveColumn","Last active","សកម្មចុងក្រោយ","translated","src/js/pages/auth/sessions.js","22"
"actionsColumn","actionsColumn","Actions","សកម្មភាព","translated","src/js/pages/auth/sessions.js","22"
"revoke","revoke","Revoke","ដកសម័យការ","translated","src/js/pages/auth/sessions.js","22"
"revokeAll","revokeAll","Sign out everywhere else","ចាកចេញពីគ្រប់ទីតាំងផ្សេងទៀត","translated","src/js/pages/auth/sessions.js","22"
"revokeAllConfirm","revokeAllConfirm","This will sign out every session except the one you're using now. Continue?","រឿងនេះនឹងចាកចេញពីគ្រប់សម័យការ លើកលែងតែសម័យការដែលអ្នកកំពុងប្រើ។ បន្តទេ?","translated","src/js/pages/auth/sessions.js","22"
"revoked","revoked","Session revoked.","សម័យការត្រូវបានដកចេញ។","translated","src/js/pages/auth/sessions.js","22"
"revokedAll","revokedAll","{count} session(s) signed out.","សម័យការ {count} ត្រូវបានចាកចេញ។","translated","src/js/pages/auth/sessions.js","22"
"revokeFailed","revokeFailed","Could not revoke that session.","មិនអាចដកសម័យការនោះបានទេ។","translated","src/js/pages/auth/sessions.js","22"
"empty","empty","No active sessions.","មិនមានសម័យការសកម្មទេ។","translated","src/js/pages/auth/sessions.js","22"
"loading","loading","Loading…","កំពុងផ្ទុក…","translated","src/js/pages/auth/sessions.js","22"
"unknownBrowser","unknownBrowser","Unknown browser","កម្មវិធីរុករកមិនស្គាល់","translated","src/js/pages/auth/sessions.js","22"
"unknownOs","unknownOs","Unknown OS","ប្រព័ន្ធប្រតិបត្តិការមិនស្គាល់","translated","src/js/pages/auth/sessions.js","22"
"browserOnOs","browserOnOs","{browser} on {os}","{browser} នៅលើ {os}","translated","src/js/pages/auth/sessions.js","22"
"mobile","mobile","Mobile","ទូរស័ព្ទ","translated","src/js/pages/auth/sessions.js","22"
"tablet","tablet","Tablet","ថេប្លេត","translated","src/js/pages/auth/sessions.js","22"
"desktop","desktop","Desktop","កុំព្យូទ័រ","translated","src/js/pages/auth/sessions.js","22"
"justNow","justNow","just now","ឥឡូវនេះ","translated","src/js/pages/auth/sessions.js","22"
"minutesAgo","minutesAgo","{n} min ago","{n} នាទីមុន","translated","src/js/pages/auth/sessions.js","22"
"hoursAgo","hoursAgo","{n} h ago","{n} ម៉ោងមុន","translated","src/js/pages/auth/sessions.js","22"
"daysAgo","daysAgo","{n} d ago","{n} ថ្ងៃមុន","translated","src/js/pages/auth/sessions.js","22"
"title","title","Invitation Analytics","ស្ថិតិការអានិត្យកម្ម","translated","src/js/pages/dashboard/analytics.js","27"
"subtitle","subtitle","Performance overview for this invitation.","ទិដ្ឋភាពទូទៅនៃសមិទ្ធិផលនៃការអញ្ជើញនេះ។","translated","src/js/pages/dashboard/analytics.js","27"
"totalViews","totalViews","Total views","ចំនួនមើលសរុប","translated","src/js/pages/dashboard/analytics.js","27"
"uniqueRecipients","uniqueRecipients","Unique recipients","ភ្ញៀវផ្ទាល់ខ្លួន","translated","src/js/pages/dashboard/analytics.js","27"
"avgTime","avgTime","Average time on page","ពេលវេលាមធ្យមនៅលើទំព័រ","translated","src/js/pages/dashboard/analytics.js","27"
"rsvpConversion","rsvpConversion","RSVP conversion","អត្រាឆ្លើយតប RSVP","translated","src/js/pages/dashboard/analytics.js","27"
"viewsLast30","viewsLast30","Views — last 30 days","ចំនួនមើល — ៣០ ថ្ងៃចុងក្រោយ","translated","src/js/pages/dashboard/analytics.js","27"
"rsvpBreakdown","rsvpBreakdown","RSVP breakdown","ស្ថិតិ RSVP","translated","src/js/pages/dashboard/analytics.js","27"
"guestCheckin","guestCheckin","Guest check-in","ការចុះឈ្មោះភ្ញៀវ","translated","src/js/pages/dashboard/analytics.js","27"
"publishing","publishing","Publishing","ការបោះពុម្ពផ្សាយ","translated","src/js/pages/dashboard/analytics.js","27"
"funnel","funnel","Drop-off funnel","ស្ថិតិការបោះបង់","translated","src/js/pages/dashboard/analytics.js","27"
"topReferrers","topReferrers","Top referrers","ប្រភពដែលនាំមក","translated","src/js/pages/dashboard/analytics.js","27"
"scrollDepth","scrollDepth","Average scroll depth","ជម្រៅអានមធ្យម","translated","src/js/pages/dashboard/analytics.js","27"
"deviceSplit","deviceSplit","Device split","ប្រភេទឧបករណ៍","translated","src/js/pages/dashboard/analytics.js","27"
"countrySplit","countrySplit","Country","ប្រទេស","translated","src/js/pages/dashboard/analytics.js","27"
"liveActivity","liveActivity","Live activity","សកម្មភាពផ្ទាល់","translated","src/js/pages/dashboard/analytics.js","27"
"activeSessions","activeSessions","active sessions","សម័យសកម្ម","translated","src/js/pages/dashboard/analytics.js","27"
"lastEvent","lastEvent","last activity","សកម្មភាពចុងក្រោយ","translated","src/js/pages/dashboard/analytics.js","27"
"disableAnalytics","disableAnalytics","Disable analytics","បិទស្ថិតិ","translated","src/js/pages/dashboard/analytics.js","27"
"enableAnalytics","enableAnalytics","Enable analytics","បើកស្ថិតិ","translated","src/js/pages/dashboard/analytics.js","27"
"purgeData","purgeData","Delete analytics data","លុបទិន្នន័យស្ថិតិ","translated","src/js/pages/dashboard/analytics.js","27"
"exportCsv","exportCsv","Export as CSV","នាំចេញជា CSV","translated","src/js/pages/dashboard/analytics.js","27"
"exportJson","exportJson","Export as JSON","នាំចេញជា JSON","translated","src/js/pages/dashboard/analytics.js","27"
"loading","loading","Loading analytics…","កំពុងផ្ទុកស្ថិតិ…","translated","src/js/pages/dashboard/analytics.js","27"
"unavailable","unavailable","Analytics unavailable","ស្ថិតិមិនអាចប្រើបាន","translated","src/js/pages/dashboard/analytics.js","27"
"deltaVsPrev","deltaVsPrev","vs previous 7 days","ធៀបនឹង ៧ ថ្ងៃមុន","translated","src/js/pages/dashboard/analytics.js","27"
"analyticsOff","analyticsOff","Analytics disabled","ស្ថិតិត្រូវបានបិទ","translated","src/js/pages/dashboard/analytics.js","27"
"analyticsOffDesc","analyticsOffDesc","The public page will not send events for this invitation.","ទំព័រសាធារណៈនឹងមិនផ្ញើព្រឹត្តិកម្មសម្រាប់ការអញ្ជើញនេះទេ។","translated","src/js/pages/dashboard/analytics.js","27"
"guestsOnList","guestsOnList","guests on list","ភ្ញៀវក្នុងបញ្ជី","translated","src/js/pages/dashboard/analytics.js","27"
"totalRespondingGuests","totalRespondingGuests","total responding guests","ភ្ញៀវឆ្លើយតបសរុប","translated","src/js/pages/dashboard/analytics.js","27"
"historicalPreserved","historicalPreserved","Historical responses are preserved","ការឆ្លើយតបប្រវត្តិសាស្ត្រត្រូវបានរក្សាទុក","translated","src/js/pages/dashboard/analytics.js","27"
"rsvpDisabled","rsvpDisabled","Disabled","បិទ","translated","src/js/pages/dashboard/analytics.js","27"
"step","step","Step","ជំហាន","translated","src/js/pages/dashboard/analytics.js","27"
"count","count","Count","ចំនួន","translated","src/js/pages/dashboard/analytics.js","27"
"percent","percent","Percent","ភាគរយ","translated","src/js/pages/dashboard/analytics.js","27"
"loadingLive","loadingLive","Checking…","កំពុងពិនិត្យ…","translated","src/js/pages/dashboard/analytics.js","27"
"liveDisabled","liveDisabled","Live activity is disabled on this server.","សកម្មភាពផ្ទាល់ត្រូវបានបិទនៅលើម៉ាស៊ីនមេនេះ។","translated","src/js/pages/dashboard/analytics.js","27"
"purgeConfirm","purgeConfirm","This permanently deletes every session + event for this invitation. Continue?","របៀបនេះនឹងលុបសម័យ + ព្រឹត្តិកម្មទាំងអស់សម្រាប់ការអញ្ជើញនេះអ一刀មិនអាចត្រឡប់វិញបាន។ បន្តឬ?","translated","src/js/pages/dashboard/analytics.js","27"
"purged","purged","Analytics data deleted.","ទិន្នន័យស្ថិតិបានលុបចោលហើយ។","translated","src/js/pages/dashboard/analytics.js","27"
"disabledToast","disabledToast","Analytics disabled for this invitation.","ស្ថិតិបានបិទសម្រាប់ការអញ្ជើញនេះ។","translated","src/js/pages/dashboard/analytics.js","27"
"enabledToast","enabledToast","Analytics re-enabled.","ស្ថិតិបានបើកឡើងវិញ។","translated","src/js/pages/dashboard/analytics.js","27"
"sectionTitle","sectionTitle","Polls","ការស្ទង់មតិ","translated","src/js/polls.js","14"
"sectionIntro","sectionIntro","Help your host decide by answering these polls.","ជួយម្ចាស់កម្មវិធីជ្រើសរើសដោយឆ្លើយតបការស្ទង់មតិទាំងនេះ។","translated","src/js/polls.js","15"
"vote","vote","Vote","បោះឆ្នោត","translated","src/js/polls.js","16"
"voted","voted","Voted","បានបោះឆ្នោត","translated","src/js/polls.js","17"
"closed","closed","Closed","បិទហើយ","translated","src/js/polls.js","18"
"votes","votes","votes","សន្លឹកឆ្នោត","translated","src/js/polls.js","19"
"resultsHidden","resultsHidden","Results will be revealed when the poll closes.","លទ្ធផលនឹងបង្ហាញពេលការស្ទង់មតិបិទ។","translated","src/js/polls.js","20"
"submit","submit","Submit vote","បញ្ជូនការបោះឆ្នោត","translated","src/js/polls.js","21"
"name","name","Your name","ឈ្មោះរបស់អ្នក","translated","src/js/polls.js","22"
"email","email","Email (optional)","អ៊ីមែល (ស្រេចចិត្ត)","translated","src/js/polls.js","23"
"loading","loading","Loading polls…","កំពុងផ្ទុកការស្ទង់មតិ…","translated","src/js/polls.js","24"
"empty","empty","No polls are open for this invitation yet.","មិនទាន់មានការស្ទង់មតិសម្រាប់ការអញ្ជើញនេះនៅឡើយ។","translated","src/js/polls.js","25"
"error","error","We could not save your vote. Please try again.","មិនអាចរក្សាទុកការបោះឆ្នោតបានទេ។ សូមព្យាយាមម្ដងទៀត។","translated","src/js/polls.js","26"
"_txt()","_txt","Requesting reset link…","Requesting reset link…","fallback","src/js/reset.js","8"
"b()","b","If the account exists, a reset link has been sent.","If the account exists, a reset link has been sent.","fallback","src/js/reset.js","8"
"b()","b","The request was accepted, but email delivery is not configured on this server. Contact the administrator or configure SMTP.","The request was accepted, but email delivery is not configured on this server. Contact the administrator or configure SMTP.","fallback","src/js/reset.js","8"
"b()","b","Development reset link","Development reset link","fallback","src/js/reset.js","8"
"_txt()","_txt","The passwords do not match.","The passwords do not match.","fallback","src/js/reset.js","9"
"_txt()","_txt","Resetting password…","Resetting password…","fallback","src/js/reset.js","9"
"b()","b","Password changed successfully. ","Password changed successfully. ","fallback","src/js/reset.js","9"
"b()","b","Return to sign in","Return to sign in","fallback","src/js/reset.js","9"
"b()","b","Disabled","Disabled","fallback","src/js/responses.js","8"
"b()","b","RSVP status","RSVP status","fallback","src/js/responses.js","8"
"b()","b","Historical responses","Historical responses","fallback","src/js/responses.js","8"
"b()","b","Guest wishes","Guest wishes","fallback","src/js/responses.js","8"
"b()","b","Responses","Responses","fallback","src/js/responses.js","8"
"b()","b","Attending replies","Attending replies","fallback","src/js/responses.js","8"
"b()","b","Attending guests","Attending guests","fallback","src/js/responses.js","8"
"_txt()","_txt","No message","No message","fallback","src/js/responses.js","10"
"b()","b","Save","រក្សាទុក","translated","src/js/responses.js","10"
"b()","b","Delete","លុប","translated","src/js/responses.js","10"
"b()","b","No RSVP responses match this view.","No RSVP responses match this view.","fallback","src/js/responses.js","10"
"b()","b","Delete","លុប","translated","src/js/responses.js","11"
"b()","b","No private guest wishes yet.","No private guest wishes yet.","fallback","src/js/responses.js","11"
"_txt()","_txt","Saved","Saved","fallback","src/js/responses.js","12"
"_txt()","_txt","Save","Save","fallback","src/js/responses.js","12"
"_txt()","_txt","Delete this RSVP response?","Delete this RSVP response?","fallback","src/js/responses.js","13"
"_txt()","_txt","Delete RSVP response","Delete RSVP response","fallback","src/js/responses.js","13"
"_txt()","_txt","Delete this guest wish?","Delete this guest wish?","fallback","src/js/responses.js","14"
"_txt()","_txt","Delete guest wish","Delete guest wish","fallback","src/js/responses.js","14"
"sectionTitle","sectionTitle","Sign-up sheets","តារាងចុះឈ្មោះ","translated","src/js/signup-sheets.js","17"
"sectionIntro","sectionIntro","Claim an item or slot to bring to the event.","ចុះឈ្មោះយកធាតុ ឬទីតាំងដែលត្រូវនាំយកទៅការប្រគំតន្ត្រី។","translated","src/js/signup-sheets.js","18"
"claim","claim","Claim","ចុះឈ្មោះ","translated","src/js/signup-sheets.js","22"
"cancel","cancel","Cancel my spot","បោះបង់ទីតាំងរបស់ខ្ញុំ","translated","src/js/signup-sheets.js","23"
"name","name","Your name","ឈ្មោះរបស់អ្នក","translated","src/js/signup-sheets.js","24"
"email","email","Email (optional)","អ៊ីមែល (ស្រេចចិត្ត)","translated","src/js/signup-sheets.js","25"
"quantity","quantity","Quantity","ចំនួន","translated","src/js/signup-sheets.js","26"
"remaining","remaining","remaining","នៅសល់","translated","src/js/signup-sheets.js","27"
"full","full","Full","ពេញលេញ","translated","src/js/signup-sheets.js","28"
"claimed","claimed","You claimed this","អ្នកបានចុះឈ្មោះ","translated","src/js/signup-sheets.js","29"
"closed","closed","Closed","បិទហើយ","translated","src/js/signup-sheets.js","30"
"submit","submit","Save my spot","រក្សាទុកទីតាំងរបស់ខ្ញុំ","translated","src/js/signup-sheets.js","31"
"loading","loading","Loading sign-up sheets…","កំពុងផ្ទុកតារាងចុះឈ្មោះ…","translated","src/js/signup-sheets.js","32"
"empty","empty","No sign-up sheets are open for this invitation yet.","មិនទាន់មានតារាងចុះឈ្មោះសម្រាប់ការអញ្ជើញនេះនៅឡើយ។","translated","src/js/signup-sheets.js","33"
"error","error","We could not save your claim. Please try again.","មិនអាចរក្សាទុកការចុះឈ្មោះបានទេ។ សូមព្យាយាមម្ដងទៀត។","translated","src/js/signup-sheets.js","34"
"cancelled","cancelled","Your spot was released.","ទីតាំងរបស់អ្នកត្រូវបានដកចេញ។","translated","src/js/signup-sheets.js","35"
"success","success","Saved! The host has been notified.","បានរក្សាទុក! ម្ចាស់កម្មវិធីបានទទួលដំណឹង។","translated","src/js/signup-sheets.js","36"
"b()","b","No templates match these filters","No templates match these filters","fallback","src/js/templates.js","15"
"b()","b","Try another category or template source.","Try another category or template source.","fallback","src/js/templates.js","15"
"_txt()","_txt","Built-in","Built-in","fallback","src/js/templates.js","15"
"_txt()","_txt","Marketplace","Marketplace","fallback","src/js/templates.js","15"
"_txt()","_txt","Your template","Your template","fallback","src/js/templates.js","15"
"_txt()","_txt","Reusable invitation design","Reusable invitation design","fallback","src/js/templates.js","15"
"b()","b","Preview","Preview","fallback","src/js/templates.js","15"
"b()","b","Use","Use","fallback","src/js/templates.js","15"
"b()","b","Edit design","Edit design","fallback","src/js/templates.js","15"
"b()","b","Details","Details","fallback","src/js/templates.js","15"
"b()","b","Versions","Versions","fallback","src/js/templates.js","15"
"_txt()","_txt","Remove from marketplace","Remove from marketplace","fallback","src/js/templates.js","15"
"_txt()","_txt","Publish to marketplace","Publish to marketplace","fallback","src/js/templates.js","15"
"b()","b","Duplicate","Duplicate","fallback","src/js/templates.js","15"
"b()","b","Delete","លុប","translated","src/js/templates.js","15"
"b()","b","Loading templates…","Loading templates…","fallback","src/js/templates.js","18"
"_txt()","_txt","Static preview","Static preview","fallback","src/js/templates.js","21"
"b()","b","Built-in template preview","Built-in template preview","fallback","src/js/templates.js","22"
"b()","b","Creating server invitations, personal templates, marketplace publishing, and version history require the full application server.","Creating server invitations, personal templates, marketplace publishing, and version history require the full application server.","fallback","src/js/templates.js","22"
"b()","b","Sign in to manage templates","Sign in to manage templates","fallback","src/js/templates.js","25"
"b()","b","Authentication is required for personal and marketplace templates.","Authentication is required for personal and marketplace templates.","fallback","src/js/templates.js","25"
"_txt()","_txt","Publish this template to the shared marketplace? Anyone using this server will be able to create invitations from it.","Publish this template to the shared marketplace? Anyone using this server will be able to create invitations from it.","fallback","src/js/templates.js","32"
"_txt()","_txt","Remove this template from the shared marketplace? Existing invitations created from it will not be affected.","Remove this template from the shared marketplace? Existing invitations created from it will not be affected.","fallback","src/js/templates.js","32"
"_txt()","_txt","Publish template","Publish template","fallback","src/js/templates.js","32"
"_txt()","_txt","Remove from marketplace","Remove from marketplace","fallback","src/js/templates.js","32"
"_txt()","_txt","Publish","Publish","fallback","src/js/templates.js","32"
"_txt()","_txt","Remove","Remove","fallback","src/js/templates.js","32"
"_txt()","_txt","Delete template","Delete template","fallback","src/js/templates.js","32"
"_txt()","_txt","Delete permanently","Delete permanently","fallback","src/js/templates.js","32"
"_txt()","_txt","Name the temporary invitation used to edit this template:","Name the temporary invitation used to edit this template:","fallback","src/js/templates.js","33"
"_txt()","_txt","Choose a name for the new invitation:","Choose a name for the new invitation:","fallback","src/js/templates.js","33"
"_txt()","_txt","Edit template design","Edit template design","fallback","src/js/templates.js","33"
"_txt()","_txt","Create from template","Create from template","fallback","src/js/templates.js","33"
"_txt()","_txt","Continue","Continue","fallback","src/js/templates.js","33"
"_txt()","_txt","Visual page","Visual page","fallback","src/js/templates.js","34"
"b()","b","Current version:","Current version:","fallback","src/js/templates.js","35"
"b()","b","Visual pages:","Visual pages:","fallback","src/js/templates.js","35"
"b()","b","Sections:","Sections:","fallback","src/js/templates.js","35"
"b()","b","Create invitation from this template","Create invitation from this template","fallback","src/js/templates.js","35"
"b()","b","Edit template details","Edit template details","fallback","src/js/templates.js","36"
"b()","b","Name","Name","fallback","src/js/templates.js","36"
"b()","b","Category","Category","fallback","src/js/templates.js","36"
"b()","b","Wedding","Wedding","fallback","src/js/templates.js","36"
"b()","b","Birthday","Birthday","fallback","src/js/templates.js","36"
"b()","b","Business","Business","fallback","src/js/templates.js","36"
"b()","b","Other","Other","fallback","src/js/templates.js","36"
"b()","b","Description","Description","fallback","src/js/templates.js","36"
"b()","b","Tags — comma separated","Tags — comma separated","fallback","src/js/templates.js","36"
"b()","b","Marketplace license","Marketplace license","fallback","src/js/templates.js","36"
"b()","b","Personal use","Personal use","fallback","src/js/templates.js","36"
"b()","b","Commercial use","Commercial use","fallback","src/js/templates.js","36"
"b()","b","Extended studio use","Extended studio use","fallback","src/js/templates.js","36"
"b()","b","Save details","Save details","fallback","src/js/templates.js","36"
"b()","b","Version history — ","Version history — ","fallback","src/js/templates.js","37"
"b()","b","Restoring an older version creates a new current version, so history remains intact.","Restoring an older version creates a new current version, so history remains intact.","fallback","src/js/templates.js","37"
"b()","b","Current","Current","fallback","src/js/templates.js","37"
"b()","b","Restore","Restore","fallback","src/js/templates.js","37"
"_txt()","_txt","Restore template version","Restore template version","fallback","src/js/templates.js","37"
"_txt()","_txt","Restore","Restore","fallback","src/js/templates.js","37"
"close","close","Close","បិទ","translated","src/js/toast.js","41"
